Workbook
Name DB_BeratKeluar: "Database!$M$3:$M$4846"
Name DB_BeratKeluar: "Database!$M$3:$M$4846"
Name DB_BeratKeluar: #REF!
Name DB_BeratMasuk: "Database!$L$3:$L$4846"
Name DB_BeratMasuk: "Database!$L$3:$L$4846"
Name DB_BeratMasuk: #REF!
Name DB_Netto: "Database!$N$3:$N$4846"
Name DB_Netto: "Database!$N$3:$N$4846"
Name DB_Netto: #REF!
Name DB_Netto2k: "Database!$N$3:$N$2000"
Name DB_Netto2k: "Database!$N$3:$N$2000"
Name DB_Netto2k: #REF!
Name DB_NoPol: "Database!$E$3:$E$4846"
Name DB_NoPol: "Database!$E$3:$E$4846"
Name DB_NoPol: #REF!
Name DB_NoPol2k: "Database!$E$3:$E$2000"
Name DB_NoPol2k: "Database!$E$3:$E$2000"
Name DB_NoPol2k: #REF!
Name DB_Produk: "Database!$I$3:$I$4846"
Name DB_Produk: "Database!$I$3:$I$4846"
Name DB_Produk: #REF!
Name DB_Produk2k: "Database!$I$3:$I$2000"
Name DB_Produk2k: "Database!$I$3:$I$2000"
Name DB_Produk2k: #REF!
Name DB_Relasi: "Database!$H$3:$H$4846"
Name DB_Relasi: "Database!$H$3:$H$4846"
Name DB_Relasi: #REF!
Name DB_Relasi2k: "Database!$H$3:$H$2000"
Name DB_Relasi2k: "Database!$H$3:$H$2000"
Name DB_Relasi2k: #REF!
Name DB_Tanggal: "Database!$K$3:$K$4846"
Name DB_Tanggal: "Database!$K$3:$K$4846"
Name DB_Tanggal: #REF!
Name DB_Tanggal2k: "Database!$K$3:$K$2000"
Name DB_Tanggal2k: "Database!$K$3:$K$2000"
Name DB_Tanggal2k: #REF!

Sheet Pivot
A3: Row Labels | B3: Sum of Jumlah | C3: Sum of Berat Netto PT WINS
A4: B-40 | B4: 44 | C4: 503310
A5: PT. WIJAYA NUSANTARA ENERGI | B5: 18 | C5: 295170
A6: PT. WISAN PETRO ENERGI | B6: 26 | C6: 208140
A7: BE | B7: 5 | C7: 101500
A8: PT. MADU LINGGA RAHARJA | B8: 5 | C8: 101500
A9: CPO | B9: 955 | C9: 14931050
A10: PT. JAS MULIA | B10: 402 | C10: 6495280
A11: PT. KASMAR MATANO PERSADA | B11: 174 | C11: 3939560
A12: PT. MADINRA INTI SAWIT | B12: 282 | C12: 2697400
A13: PT. PERKEBUNAN NUSANTARA | B13: 97 | C13: 1798810
A14: RBDPL | B14: 537 | C14: 5851470 | H14: =SUM(H15:H22) -> 5388583 | I14: =GETPIVOTDATA("Berat Netto PT WINS",$A$3,"Produk","RBDPL")-H14 -> 462887
A15: CV. DUTA ABADI | B15: 135 | C15: 1500660 | E15: 135 | F15: =GETPIVOTDATA("Sum of Jumlah",$A$3,"Relasi","CV. DUTA ABADI","Produk","RBDPL")-E15 -> 0 | H15: 1361110 | I15: =GETPIVOTDATA("Berat Netto PT WINS",$A$3,"Relasi","CV. DUTA ABADI","Produk","RBDPL")-H15 -> 139550
A16: CV. HALILINTAR SAKTI ABADI | B16: 76 | C16: 797790 | E16: 76 | F16: =GETPIVOTDATA("Sum of Jumlah",$A$3,"Relasi","CV. HALILINTAR SAKTI ABADI","Produk","RBDPL")-E16 -> 0 | H16: 797790 | I16: =GETPIVOTDATA("Berat Netto PT WINS",$A$3,"Relasi","CV. HALILINTAR SAKTI ABADI","Produk","RBDPL")-H16 -> 0
A17: CV. Nusantara Daya Jaya | B17: 1 | C17: 15090 | E17: 1 | F17: =GETPIVOTDATA("Sum of Jumlah",$A$3,"Relasi","CV. Nusantara Daya Jaya","Produk","RBDPL")-E17 -> 0 | H17: 15090 | I17: =GETPIVOTDATA("Berat Netto PT WINS",$A$3,"Relasi","CV. Nusantara Daya Jaya","Produk","RBDPL")-H17 -> 0
A18: CV. SURYA CAHAYA MAS | B18: 152 | C18: 1498140 | E18: 152 | F18: =GETPIVOTDATA("Sum of Jumlah",$A$3,"Relasi","CV. SURYA CAHAYA MAS","Produk","RBDPL")-E18 -> 0 | H18: 1327330 | I18: =GETPIVOTDATA("Berat Netto PT WINS",$A$3,"Relasi","CV. SURYA CAHAYA MAS","Produk","RBDPL")-H18 -> 170810
A19: PT. BUKIT JEJER LESTARI | B19: 137 | C19: 1290080 | E19: 137 | F19: =GETPIVOTDATA("Sum of Jumlah",$A$3,"Relasi","PT. BUKIT JEJER LESTARI","Produk","RBDPL")-E19 -> 0 | H19: 1224516 | I19: =GETPIVOTDATA("Berat Netto PT WINS",$A$3,"Relasi","PT. BUKIT JEJER LESTARI","Produk","RBDPL")-H19 -> 65564
A20: PT. PANDU URANE PERKASA | B20: 6 | C20: 127010 | E20: 6 | F20: =GETPIVOTDATA("Sum of Jumlah",$A$3,"Relasi","PT. PANDU URANE PERKASA","Produk","RBDPL")-E20 -> 0 | H20: 98039 | I20: =GETPIVOTDATA("Berat Netto PT WINS",$A$3,"Relasi","PT. PANDU URANE PERKASA","Produk","RBDPL")-H20 -> 28971
A21: PT. TRI DAYA JAYA | B21: 16 | C21: 305980 | E21: 16 | F21: =GETPIVOTDATA("Sum of Jumlah",$A$3,"Relasi","PT. TRI DAYA JAYA","Produk","RBDPL")-E21 -> 0 | H21: 276749 | I21: =GETPIVOTDATA("Berat Netto PT WINS",$A$3,"Relasi","PT. TRI DAYA JAYA","Produk","RBDPL")-H21 -> 29231
A22: PT. WIJAYA INTI NUSANTARA | B22: 14 | C22: 316720 | E22: 14 | F22: =GETPIVOTDATA("Sum of Jumlah",$A$3,"Relasi","PT. WIJAYA INTI NUSANTARA","Produk","RBDPL")-E22 -> 0 | H22: 287959 | I22: =GETPIVOTDATA("Berat Netto PT WINS",$A$3,"Relasi","PT. WIJAYA INTI NUSANTARA","Produk","RBDPL")-H22 -> 28761
A23: RBDPS | B23: 10 | C23: 200000
A24: PT. BORNEO MITRA SENTOSA | B24: 10 | C24: 200000
A25: (blank)
A26: (blank)
A27: Grand Total | B27: 1551 | C27: 21587330

Sheet Dashboard WB
D2: DASHBOARD TIMBANGAN
D4: Total Berat Netto | E4: =TEXT(_DB_Data!B7/1000,"#.##0")&" Ton" -> 21.764 Ton | F4: =IF(_DB_Data!B12>0,"↑ "&TEXT(ABS(_DB_Data!B12),"0.0%"),"↓ "&TEXT(ABS(_DB_Data!B12),"0.0%")) -> ↓ 15% | G4: ="Prev: "&TEXT(INT(_DB_Data!B10/1000),"#.##0")&" Ton" -> Prev: 3.853 Ton | K4: Year Filter | L4: 2025 | M4: 2026
D6: Filter Produk/Bulan: | E6: Semua | F6: 0
D7: TOTAL RITASI | F7: TOTAL NETTO (Kg) | H7: TOTAL NETTO (Ton) | J7: RATA-RATA/TRIP (Kg) | M7: MAKS NETTO/TRIP | O7: MIN NETTO/TRIP
D8: {=IF($E$6="Semua",IF($F$6=0,SUMPRODUCT((Database!$I$4:$I$4826<>"")*1),SUMPRODUCT((Database!$I$4:$I$4826<>"")*(MONTH(Database!$K$4:$K$4826)=$F$6))),IF($F$6=0,SUMPRODUCT((Database!$I$4:$I$4826=$E$6)*1),SUMPRODUCT((Database!$I$4:$I$4826=$E$6)*(MONTH(Database!$K$4:$K$4826)=$F$6))))} -> 1564 | F8: {=IF($E$6="Semua",IF($F$6=0,SUMPRODUCT((Database!$I$4:$I$4826<>"")*Database!$N$4:$N$4826),SUMPRODUCT((Database!$I$4:$I$4826<>"")*(MONTH(Database!$K$4:$K$4826)=$F$6)*Database!$N$4:$N$4826)),IF($F$6=0,SUMPRODUCT((Database!$I$4:$I$4826=$E$6)*Database!$N$4:$N$4826),SUMPRODUCT((Database!$I$4:$I$4826=$E$6)*(MONTH(Database!$K$4:$K$4826)=$F$6)*Database!$N$4:$N$4826)))} -> 21764280 | H8: {=IFERROR(ROUND(IF($E$6="Semua",IF($F$6=0,SUMPRODUCT((Database!$I$4:$I$4826<>"")*Database!$N$4:$N$4826),SUMPRODUCT((Database!$I$4:$I$4826<>"")*(MONTH(Database!$K$4:$K$4826)=$F$6)*Database!$N$4:$N$4826)),IF($F$6=0,SUMPRODUCT((Database!$I$4:$I$4826=$E$6)*Database!$N$4:$N$4826),SUMPRODUCT((Database!$I$4:$I$4826=$E$6)*(MONTH(Database!$K$4:$K$4826)=$F$6)*Database!$N$4:$N$4826)))/1000,0),0)} -> 21764 | J8: {=IFERROR(IF($E$6="Semua",IF($F$6=0,SUMPRODUCT((Database!$I$4:$I$4826<>"")*Database!$N$4:$N$4826),SUMPRODUCT((Database!$I$4:$I$4826<>"")*(MONTH(Database!$K$4:$K$4826)=$F$6)*Database!$N$4:$N$4826)),IF($F$6=0,SUMPRODUCT((Database!$I$4:$I$4826=$E$6)*Database!$N$4:$N$4826),SUMPRODUCT((Database!$I$4:$I$4826=$E$6)*(MONTH(Database!$K$4:$K$4826)=$F$6)*Database!$N$4:$N$4826)))/IF($E$6="Semua",IF($F$6=0,SUMPRODUCT((Database!$I$4:$I$4826<>"")*1),SUMPRODUCT((Database!$I$4:$I$4826<>"")*(MONTH(Database!$K$4:$K$4826)=$F$6))),IF($F$6=0,SUMPRODUCT((Database!$I$4:$I$4826=$E$6)*1),SUMPRODUCT((Database!$I$4:$I$4826=$E$6)*(MONTH(Database!$K$4:$K$4826)=$F$6)))),0)} -> 13915.78 | M8: =IFERROR(IF($E$6="Semua",IF($F$6=0,_xlfn.MAXIFS(Database!$N$4:$N$4826,Database!$N$4:$N$4826,">"&0),_xlfn.MAXIFS(Database!$N$4:$N$4826,Database!$N$4:$N$4826,">"&0,Database!$K$4:$K$4826,">="&DATE(YEAR(TODAY()),$F$6,1),Database!$K$4:$K$4826,"<"&EOMONTH(DATE(YEAR(TODAY()),$F$6,1),0)+1)),IF($F$6=0,_xlfn.MAXIFS(Database!$N$4:$N$4826,Database!$I$4:$I$4826,$E$6,Database!$N$4:$N$4826,">"&0),_xlfn.MAXIFS(Database!$N$4:$N$4826,Database!$I$4:$I$4826,$E$6,Database!$N$4:$N$4826,">"&0,Database!$K$4:$K$4826,">="&DATE(YEAR(TODAY()),$F$6,1),Database!$K$4:$K$4826,"<"&EOMONTH(DATE(YEAR(TODAY()),$F$6,1),0)+1))),0) -> 29000 | O8: =IFERROR(IF($E$6="Semua",IF($F$6=0,_xlfn.MINIFS(Database!$N$4:$N$4826,Database!$N$4:$N$4826,">"&100),_xlfn.MINIFS(Database!$N$4:$N$4826,Database!$N$4:$N$4826,">"&100,Database!$K$4:$K$4826,">="&DATE(YEAR(TODAY()),$F$6,1),Database!$K$4:$K$4826,"<"&EOMONTH(DATE(YEAR(TODAY()),$F$6,1),0)+1)),IF($F$6=0,_xlfn.MINIFS(Database!$N$4:$N$4826,Database!$I$4:$I$4826,$E$6,Database!$N$4:$N$4826,">"&100),_xlfn.MINIFS(Database!$N$4:$N$4826,Database!$I$4:$I$4826,$E$6,Database!$N$4:$N$4826,">"&100,Database!$K$4:$K$4826,">="&DATE(YEAR(TODAY()),$F$6,1),Database!$K$4:$K$4826,"<"&EOMONTH(DATE(YEAR(TODAY()),$F$6,1),0)+1))),0) -> 190
D9: Trip | F9: (Kg) | H9: (Ton) | J9: (Kg/Trip) | M9: (Kg) | O9: (Kg)
D14: ANALISIS RELASI & TREND
D17: DETAIL OPERASIONAL
D19: ="Data: Summary WB | "&TEXT(_DB_Data!B4,"#,##0")&" Trip | Filter: "&_DB_Data!B1&" | Auto-update s/d baris 2000" -> Data: Summary WB | 1564,0 Trip | Filter: Semua | Auto-update s/d baris 2000

Sheet Analisa CPO
A1: PERBANDINGAN DATA CPO
A4: RINGKASAN
A5: Metrik | B5: Jumlah | C5: % | E5: Per Field | F5: Berbeda
A6: Total Baris di Tes | B6: 941 | E6: No Polisi | F6: 9
A7: Total Baris CPO di Database | B7: 941 | E7: No Kontrak | F7: 480
A8: Total Pasangan Matched | B8: 941 | E8: Tanggal | F8: 526
A9: ✅ Semua Field Cocok | B9: 235 | C9: =B9/B8 -> 0.24973433 | E9: Berat Masuk | F9: 0
A10: ❌ Ada Perbedaan | B10: 706 | C10: =B10/B8 -> 0.75026567 | E10: Berat Keluar | F10: 0
A11: Data Orphan (tidak ditemukan) | B11: 0 | E11: Berat Netto WINS | F11: 0
E12: Berat Netto Relasi | F12: 0
A13: Metode Matching: | E13: Jam Masuk | F13: 94
A14: Fase 1: No Seri + No Kontrak = 439 | E14: Jam Keluar | F14: 104
A15: Fase 2: No Seri + Tanggal = 143 | E15: Penimbang | F15: 46
A16: Fase 3: No Seri saja = 359
A18: DETAIL PERBANDINGAN | F18: NO POLISI | I18: NO KONTRAK | L18: RELASI / DO | O18: TANGGAL | R18: BERAT MASUK | U18: BERAT KELUAR | X18: NETTO PT WINS | AB18: NETTO RELASI | AF18: JAM MASUK | AI18: JAM KELUAR | AL18: PENIMBANG | AO18: INFO TAMBAHAN DATABASE
A19: No | B19: No Seri | C19: Metode Match | D19: Status | F19: Tes | G19: Database | H19: Cek | I19: Tes | J19: Database | K19: Cek | L19: Tes (Relasi/DO) | M19: DB (DO) | N19: DB (Relasi) | O19: Tes | P19: Database | Q19: Cek | R19: Tes | S19: Database | T19: Cek | U19: Tes | V19: Database | W19: Cek | X19: Tes | Y19: Database | Z19: Cek | AA19: Selisih | AB19: Tes | AC19: Database | AD19: Cek | AE19: Selisih | AF19: Tes | AG19: Database | AH19: Cek | AI19: Tes | AJ19: Database | AK19: Cek | AL19: Tes | AM19: Database | AN19: Cek | AO19: No Seri Relasi | AP19: Driver | AQ19: Truck | AR19: Lokasi
A20: 1 | B20: 3 | C20: Seri+Kontrak | D20: ✅ Semua Cocok | F20: DP 8951 GB | G20: DP 8951 GB | H20: ✅ | I20: 215/PJB/MIS-WINS/X/2025 | J20: 215/PJB/MIS-WINS/X/2025 | K20: ✅ | L20: PT MIS - 1- 500 | M20: PT. MIS / 1 / 500 | N20: PT. MADINRA INTI SAWIT | O20: 45964 | P20: 45964 | Q20: ✅ | R20: 13680 | S20: 13680 | T20: ✅ | U20: 4080 | V20: 4080 | W20: ✅ | X20: 9600 | Y20: 9600 | Z20: ✅ | AA20: 0 | AB20: 9580 | AC20: 9580 | AD20: ✅ | AE20: 0 | AF20: 0.34305556 | AG20: 0.34305556 | AH20: ✅ | AI20: 0.4125 | AJ20: 0.4125 | AK20: ✅ | AL20: samsira | AM20: samsira | AN20: ✅ | AO20: CPO000003MIS | AQ20: 6 Roda | AR20: Pomala
A21: 2 | B21: 4 | C21: Seri+Kontrak | D21: ✅ Semua Cocok | F21: DP 8821 GL | G21: DP 8821 GL | H21: ✅ | I21: 215/PJB/MIS-WINS/X/2025 | J21: 215/PJB/MIS-WINS/X/2025 | K21: ✅ | L21: PT MIS - 1- 500 | M21: PT. MIS / 1 / 500 | N21: PT. MADINRA INTI SAWIT | O21: 45964 | P21: 45964 | Q21: ✅ | R21: 13260 | S21: 13260 | T21: ✅ | U21: 3750 | V21: 3750 | W21: ✅ | X21: 9510 | Y21: 9510 | Z21: ✅ | AA21: 0 | AB21: 9480 | AC21: 9480 | AD21: ✅ | AE21: 0 | AF21: 0.34375 | AG21: 0.34375 | AH21: ✅ | AI21: 0.39375 | AJ21: 0.39375 | AK21: ✅ | AL21: samsira | AM21: samsira | AN21: ✅ | AO21: CPO000004MIS | AQ21: 6 Roda | AR21: Pomala
A22: 3 | B22: 5 | C22: Seri+Kontrak | D22: ✅ Semua Cocok | F22: DP 8036 GK | G22: DP 8036 GK | H22: ✅ | I22: 215/PJB/MIS-WINS/X/2025 | J22: 215/PJB/MIS-WINS/X/2025 | K22: ✅ | L22: PT MIS - 1- 500 | M22: PT. MIS / 1 / 500 | N22: PT. MADINRA INTI SAWIT | O22: 45964 | P22: 45964 | Q22: ✅ | R22: 13390 | S22: 13390 | T22: ✅ | U22: 4000 | V22: 4000 | W22: ✅ | X22: 9390 | Y22: 9390 | Z22: ✅ | AA22: 0 | AB22: 9370 | AC22: 9370 | AD22: ✅ | AE22: 0 | AF22: 0.34513889 | AG22: 0.34513889 | AH22: ✅ | AI22: 0.38263889 | AJ22: 0.38263889 | AK22: ✅ | AL22: samsira | AM22: samsira | AN22: ✅ | AO22: CPO000005MIS | AQ22: 6 Roda | AR22: Pomala
A23: 4 | B23: 6 | C23: Seri+Tanggal | D23: ❌ Ada Perbedaan | F23: DD 9236 XX | G23: DD 9236 XX | H23: ✅ | I23: SPK JM-WINS NO.001/XI/2025 | J23: 001/CPO/JM-WINS/XI/2025 | K23: ❌ | L23: PT JAS MULIA -1-500 | M23: PT. JAS MULIA / 1 / 512 | N23: PT. JAS MULIA | O23: 45971 | P23: 45971 | Q23: ✅ | R23: 45780 | S23: 45780 | T23: ✅ | U23: 17430 | V23: 17430 | W23: ✅ | X23: 28350 | Y23: 28350 | Z23: ✅ | AA23: 0 | AB23: 28370 | AC23: 28370 | AD23: ✅ | AE23: 0 | AF23: 0.67777778 | AG23: 0.67777778 | AH23: ✅ | AI23: 0.74930556 | AJ23: 0.74930556 | AK23: ✅ | AL23: samsira | AM23: samsira | AN23: ✅ | AO23: CPO000006JAS | AP23: IBRAHIM | AQ23: 12 Roda | AR23: Bone Bone
A24: 5 | B24: 7 | C24: Seri+Tanggal | D24: ❌ Ada Perbedaan | F24: BM 8315 QQ | G24: BM 8315 QO | H24: ❌ | I24: SPK JM-WINS NO.001/XI/2025 | J24: 001/CPO/JM-WINS/XI/2025 | K24: ❌ | L24: PT JAS MULIA -1-500 | M24: PT. JAS MULIA / 1 / 512 | N24: PT. JAS MULIA | O24: 45971 | P24: 45971 | Q24: ✅ | R24: 45890 | S24: 45890 | T24: ✅ | U24: 17510 | V24: 17510 | W24: ✅ | X24: 28380 | Y24: 28380 | Z24: ✅ | AA24: 0 | AB24: 28350 | AC24: 28350 | AD24: ✅ | AE24: 0 | AF24: 0.67986111 | AG24: 0.67986111 | AH24: ✅ | AI24: 0.76458333 | AJ24: 0.76458333 | AK24: ✅ | AL24: samsira | AM24: samsira | AN24: ✅ | AO24: CPO000007JAS | AP24: IQBAL | AQ24: 12 Roda | AR24: Bone Bone
A25: 6 | B25: 8 | C25: Seri+Tanggal | D25: ❌ Ada Perbedaan | F25: DD 8711 XX | G25: DD 8711 XX | H25: ✅ | I25: SPK JM-WINS NO.001/XI/2025 | J25: 001/CPO/JM-WINS/XI/2025 | K25: ❌ | L25: PT JAS MULIA -1-500 | M25: PT. JAS MULIA / 1 / 512 | N25: PT. JAS MULIA | O25: 45971 | P25: 45971 | Q25: ✅ | R25: 25090 | S25: 25090 | T25: ✅ | U25: 10860 | V25: 10860 | W25: ✅ | X25: 14230 | Y25: 14230 | Z25: ✅ | AA25: 0 | AB25: 14180 | AC25: 14180 | AD25: ✅ | AE25: 0 | AF25: 0.68680556 | AG25: 0.68680556 | AH25: ✅ | AI25: 0.76736111 | AJ25: 0.76736111 | AK25: ✅ | AL25: samsira | AM25: samsira | AN25: ✅ | AO25: CPO000008JAS | AP25: RONI RAKAN | AQ25: 10 Roda | AR25: Bone Bone
A26: 7 | B26: 9 | C26: Seri+Tanggal | D26: ❌ Ada Perbedaan | F26: B 1918 SXX | G26: B 1918 SXX | H26: ✅ | I26: SPK JM-WINS NO.001/XI/2025 | J26: 001/CPO/JM-WINS/XI/2025 | K26: ❌ | L26: PT JAS MULIA -1-500 | M26: PT. JAS MULIA / 1 / 512 | N26: PT. JAS MULIA | O26: 45971 | P26: 45971 | Q26: ✅ | R26: 26510 | S26: 26510 | T26: ✅ | U26: 11650 | V26: 11650 | W26: ✅ | X26: 14860 | Y26: 14860 | Z26: ✅ | AA26: 0 | AB26: 14870 | AC26: 14870 | AD26: ✅ | AE26: 0 | AF26: 0.6875 | AG26: 0.6875 | AH26: ✅ | AI26: 0.78055556 | AJ26: 0.78055556 | AK26: ✅ | AL26: samsira | AM26: samsira | AN26: ✅ | AO26: CPO000009JAS | AP26: WALDI | AQ26: 10 Roda | AR26: Bone Bone
A27: 8 | B27: 10 | C27: Seri+Tanggal | D27: ❌ Ada Perbedaan | F27: BH 8459 MY | G27: BH 8459 MY | H27: ✅ | I27: SPK JM-WINS NO.001/XI/2025 | J27: 001/CPO/JM-WINS/XI/2025 | K27: ❌ | L27: PT JAS MULIA -1-500 | M27: PT. JAS MULIA / 1 / 512 | N27: PT. JAS MULIA | O27: 45972 | P27: 45972 | Q27: ✅ | R27: 26630 | S27: 26630 | T27: ✅ | U27: 12110 | V27: 12110 | W27: ✅ | X27: 14520 | Y27: 14520 | Z27: ✅ | AA27: 0 | AB27: 14540 | AC27: 14540 | AD27: ✅ | AE27: 0 | AF27: 0.33541667 | AG27: 0.33541667 | AH27: ✅ | AI27: 0.37708333 | AJ27: 0.37708333 | AK27: ✅ | AL27: samsira | AM27: samsira | AN27: ✅ | AO27: CPO000010JAS | AP27: ERWIN | AQ27: 10 Roda | AR27: Bone Bone
A28: 9 | B28: 11 | C28: Seri+Tanggal | D28: ❌ Ada Perbedaan | F28: B 1918 SXX | G28: B 1918 SXX | H28: ✅ | I28: SPK JM-WINS NO.001/XI/2025 | J28: 001/CPO/JM-WINS/XI/2025 | K28: ❌ | L28: PT JAS MULIA -1-500 | M28: PT. JAS MULIA / 1 / 512 | N28: PT. JAS MULIA | O28: 45972 | P28: 45972 | Q28: ✅ | R28: 26500 | S28: 26500 | T28: ✅ | U28: 11690 | V28: 11690 | W28: ✅ | X28: 14810 | Y28: 14810 | Z28: ✅ | AA28: 0 | AB28: 14870 | AC28: 14870 | AD28: ✅ | AE28: 0 | AF28: 0.56944444 | AG28: 0.56944444 | AH28: ✅ | AI28: 0.62291667 | AJ28: 0.62291667 | AK28: ✅ | AL28: samsira | AM28: samsira | AN28: ✅ | AO28: CPO000011JAS | AP28: WALDI | AQ28: 10 Roda | AR28: Bone Bone
A29: 10 | B29: 12 | C29: Seri+Tanggal | D29: ❌ Ada Perbedaan | F29: DD 8711 XX | G29: DD 8711 XX | H29: ✅ | I29: SPK JM-WINS NO.001/XI/2025 | J29: 001/CPO/JM-WINS/XI/2025 | K29: ❌ | L29: PT JAS MULIA -1-500 | M29: PT. JAS MULIA / 1 / 512 | N29: PT. JAS MULIA | O29: 45972 | P29: 45972 | Q29: ✅ | R29: 25140 | S29: 25140 | T29: ✅ | U29: 10820 | V29: 10820 | W29: ✅ | X29: 14320 | Y29: 14320 | Z29: ✅ | AA29: 0 | AB29: 14270 | AC29: 14270 | AD29: ✅ | AE29: 0 | AF29: 0.57083333 | AG29: 0.57083333 | AH29: ✅ | AI29: 0.65 | AJ29: 0.65 | AK29: ✅ | AL29: samsira | AM29: samsira | AN29: ✅ | AO29: CPO000012JAS | AP29: RONI RAKAN | AQ29: 10 Roda | AR29: Bone Bone
A30: 11 | B30: 13 | C30: Seri+Tanggal | D30: ❌ Ada Perbedaan | F30: DD 9236 XX | G30: DD 9236 XX | H30: ✅ | I30: SPK JM-WINS NO.001/XI/2025 | J30: 001/CPO/JM-WINS/XI/2025 | K30: ❌ | L30: PT JAS MULIA -1-500 | M30: PT. JAS MULIA / 1 / 512 | N30: PT. JAS MULIA | O30: 45972 | P30: 45972 | Q30: ✅ | R30: 45950 | S30: 45950 | T30: ✅ | U30: 17730 | V30: 17730 | W30: ✅ | X30: 28220 | Y30: 28220 | Z30: ✅ | AA30: 0 | AB30: 28300 | AC30: 28300 | AD30: ✅ | AE30: 0 | AF30: 0.57222222 | AG30: 0.57222222 | AH30: ✅ | AI30: 0.63541667 | AJ30: 0.63541667 | AK30: ✅ | AL30: samsira | AM30: samsira | AN30: ✅ | AO30: CPO000013JAS | AP30: IBRAHIM | AQ30: 12 Roda | AR30: Bone Bone
A31: 12 | B31: 14 | C31: Seri+Tanggal | D31: ❌ Ada Perbedaan | F31: BH 8459 MY | G31: BH 8459 MY | H31: ✅ | I31: SPK JM-WINS NO.001/XI/2025 | J31: 001/CPO/JM-WINS/XI/2025 | K31: ❌ | L31: PT JAS MULIA -1-500 | M31: PT. JAS MULIA / 1 / 512 | N31: PT. JAS MULIA | O31: 45972 | P31: 45972 | Q31: ✅ | R31: 26570 | S31: 26570 | T31: ✅ | U31: 12130 | V31: 12130 | W31: ✅ | X31: 14440 | Y31: 14440 | Z31: ✅ | AA31: 0 | AB31: 14470 | AC31: 14470 | AD31: ✅ | AE31: 0 | AF31: 0.61180556 | AG31: 0.61180556 | AH31: ✅ | AI31: 0.68125 | AJ31: 0.68125 | AK31: ✅ | AL31: samsira | AM31: samsira | AN31: ✅ | AO31: CPO000014JAS | AP31: ERWIN | AQ31: 10 Roda | AR31: Bone Bone
A32: 13 | B32: 15 | C32: Seri+Tanggal | D32: ❌ Ada Perbedaan | F32: BM 8316 QO | G32: BM 8315 QO | H32: ❌ | I32: SPK JM-WINS NO.001/XI/2025 | J32: 001/CPO/JM-WINS/XI/2025 | K32: ❌ | L32: PT JAS MULIA -1-500 | M32: PT. JAS MULIA / 1 / 512 | N32: PT. JAS MULIA | O32: 45972 | P32: 45972 | Q32: ✅ | R32: 45750 | S32: 45750 | T32: ✅ | U32: 17460 | V32: 17460 | W32: ✅ | X32: 28290 | Y32: 28290 | Z32: ✅ | AA32: 0 | AB32: 28300 | AC32: 28300 | AD32: ✅ | AE32: 0 | AF32: 0.61458333 | AG32: 0.61458333 | AH32: ✅ | AI32: 0.68333333 | AJ32: 0.68333333 | AK32: ✅ | AL32: samsira | AM32: samsira | AN32: ✅ | AO32: CPO000015JAS | AP32: IQBAL | AQ32: 12 Roda | AR32: Bone Bone
A33: 14 | B33: 16 | C33: Seri+Tanggal | D33: ❌ Ada Perbedaan | F33: DD 9236 XX | G33: DD 9236 XX | H33: ✅ | I33: SPK JM-WINS NO.001/XI/2025 | J33: 001/CPO/JM-WINS/XI/2025 | K33: ❌ | L33: PT JAS MULIA -1-500 | M33: PT. JAS MULIA / 1 / 512 | N33: PT. JAS MULIA | O33: 45972 | P33: 45972 | Q33: ✅ | R33: 45840 | S33: 45840 | T33: ✅ | U33: 17690 | V33: 17690 | W33: ✅ | X33: 28150 | Y33: 28150 | Z33: ✅ | AA33: 0 | AB33: 28070 | AC33: 28070 | AD33: ✅ | AE33: 0 | AF33: 0.86597222 | AG33: 0.86597222 | AH33: ✅ | AI33: 0.97638889 | AJ33: 0.97638889 | AK33: ✅ | AL33: samsira | AM33: samsira | AN33: ✅ | AO33: CPO000016JAS | AP33: IBRAHIM | AQ33: 12 Roda | AR33: Bone Bone
A34: 15 | B34: 17 | C34: Seri+Tanggal | D34: ❌ Ada Perbedaan | F34: DD 8711 XX | G34: DD 8711 XX | H34: ✅ | I34: SPK JM-WINS NO.001/XI/2025 | J34: 001/CPO/JM-WINS/XI/2025 | K34: ❌ | L34: PT JAS MULIA -1-500 | M34: PT. JAS MULIA / 1 / 512 | N34: PT. JAS MULIA | O34: 45972 | P34: 45972 | Q34: ✅ | R34: 25030 | S34: 25030 | T34: ✅ | U34: 10790 | V34: 10790 | W34: ✅ | X34: 14240 | Y34: 14240 | Z34: ✅ | AA34: 0 | AB34: 14190 | AC34: 14190 | AD34: ✅ | AE34: 0 | AF34: 0.87638889 | AG34: 0.87638889 | AH34: ✅ | AI34: 0.99583333 | AJ34: 0.99583333 | AK34: ✅ | AL34: samsira | AM34: samsira | AN34: ✅ | AO34: CPO000017JAS | AP34: RONI RAKAN | AQ34: 10 Roda | AR34: Bone Bone
... A76: 57 | B76: 39 | C76: Seri+Kontrak | D76: ✅ Semua Cocok | F76: WNE 02 | G76: WNE 02 | H76: ✅ | I76: KMP01092025 | J76: KMP01092025 | K76: ✅ | L76: PT KMP-1 500 | M76: PT. KMP / 1 / 500 | N76: PT. KASMAR MATANO PERSADA | O76: 45932 | P76: 45932 | Q76: ✅ | R76: 26550 | S76: 26550 | T76: ✅ | U76: 11770 | V76: 11770 | W76: ✅ | X76: 14780 | Y76: 14780 | Z76: ✅ | AA76: 0 | AB76: 14800 | AC76: 14800 | AD76: ✅ | AE76: 0 | AF76: 0.85277778 | AG76: 0.85277778 | AH76: ✅ | AI76: 0.94027778 | AJ76: 0.94027778 | AK76: ✅ | AL76: samsira | AM76: samsira | AN76: ✅ | AO76: CPO000039KMP | AP76: WALDI | AQ76: 10 Roda | AR76: Masamba
A77: 58 | B77: 39 | C77: Seri+Kontrak | D77: ✅ Semua Cocok | F77: DP 8935 UA | G77: DP 8935 UA | H77: ✅ | I77: 245/PJB/MIS-WINS/XI/2025 | J77: 245/PJB/MIS-WINS/XI/2025 | K77: ✅ | L77: PT MIS - 2 - 600 | M77: PT. MIS / 2 / 600 | N77: PT. MADINRA INTI SAWIT | O77: 46001 | P77: 46001 | Q77: ✅ | R77: 13900 | S77: 13900 | T77: ✅ | U77: 4020 | V77: 4020 | W77: ✅ | X77: 9690 | Y77: 9690 | Z77: ✅ | AA77: 0 | AB77: 9660 | AC77: 9660 | AD77: ✅ | AE77: 0 | AF77: 0.34166667 | AG77: 0.34166667 | AH77: ✅ | AI77: 0.40208333 | AJ77: 0.40208333 | AK77: ✅ | AL77: Samsira | AM77: samsira | AN77: ✅ | AO77: CPO000039MIS | AQ77: 6 Roda | AR77: Pomala
A78: 59 | B78: 39 | C78: Seri+Kontrak | D78: ❌ Ada Perbedaan | F78: DP 8935 UA | G78: DP 8935 UA | H78: ✅ | I78: 245/PJB/MIS-WINS/XI/2025 | J78: 245/PJB/MIS-WINS/XI/2025 | K78: ✅ | L78: PT MIS - 2 - 600 | M78: PT. MIS / 2 / 600 | N78: PT. MADINRA INTI SAWIT | O78: 46001 | P78: 46001 | Q78: ✅ | R78: 14020 | S78: 14020 | T78: ✅ | U78: 3980 | V78: 3980 | W78: ✅ | X78: 10040 | Y78: 10040 | Z78: ✅ | AA78: 0 | AB78: 9970 | AC78: 9970 | AD78: ✅ | AE78: 0 | AF78: 0.33819444 | AG78: 0.33819444 | AH78: ❌ | AI78: 0.37777778 | AJ78: 0.37777778 | AK78: ✅ | AL78: Samsira | AM78: samsira | AN78: ✅ | AO78: CPO000039MIS | AQ78: 6 Roda | AR78: Pomala
A79: 60 | B79: 40 | C79: Seri+Kontrak | D79: ✅ Semua Cocok | F79: WNE 03 | G79: WNE 03 | H79: ✅ | I79: KMP01092025 | J79: KMP01092025 | K79: ✅ | L79: PT KMP-1 500 | M79: PT. KMP / 1 / 500 | N79: PT. KASMAR MATANO PERSADA | O79: 45932 | P79: 45932 | Q79: ✅ | R79: 26640 | S79: 26640 | T79: ✅ | U79: 12080 | V79: 12080 | W79: ✅ | X79: 14560 | Y79: 14560 | Z79: ✅ | AA79: 0 | AB79: 14580 | AC79: 14580 | AD79: ✅ | AE79: 0 | AF79: 0.89861111 | AG79: 0.89861111 | AH79: ✅ | AI79: 0.99236111 | AJ79: 0.99236111 | AK79: ✅ | AL79: samsira | AM79: samsira | AN79: ✅ | AO79: CPO000040KMP | AP79: ERWIN | AQ79: 10 Roda | AR79: Masamba
A80: 61 | B80: 40 | C80: Seri+Kontrak | D80: ✅ Semua Cocok | F80: DP 9826 GA | G80: DP 9826 GA | H80: ✅ | I80: 245/PJB/MIS-WINS/XI/2025 | J80: 245/PJB/MIS-WINS/XI/2025 | K80: ✅ | L80: PT MIS - 2 - 600 | M80: PT. MIS / 2 / 600 | N80: PT. MADINRA INTI SAWIT | O80: 46001 | P80: 46001 | Q80: ✅ | R80: 13520 | S80: 13520 | T80: ✅ | U80: 4060 | V80: 4060 | W80: ✅ | X80: 9460 | Y80: 9460 | Z80: ✅ | AA80: 0 | AB80: 9430 | AC80: 9430 | AD80: ✅ | AE80: 0 | AF80: 0.34375 | AG80: 0.34375 | AH80: ✅ | AI80: 0.41805556 | AJ80: 0.41805556 | AK80: ✅ | AL80: Samsira | AM80: samsira | AN80: ✅ | AO80: CPO000040MIS | AQ80: 6 Roda | AR80: Pomala
A81: 62 | B81: 40 | C81: Seri+Kontrak | D81: ✅ Semua Cocok | F81: DP 9826 GA | G81: DP 9826 GA | H81: ✅ | I81: 265/PJB/MIS-WINS/XII/2025 | J81: 265/PJB/MIS-WINS/XII/2025 | K81: ✅ | L81: PT MIS - 3 - 500 | M81: PT. MIS / 3 / 600 | N81: PT. MADINRA INTI SAWIT | O81: 46001 | P81: 46001 | Q81: ✅ | R81: 13900 | S81: 13900 | T81: ✅ | U81: 13710 | V81: 13710 | W81: ✅ | X81: 190 | Y81: 190 | Z81: ✅ | AA81: 0 | AB81: 190 | AC81: 190 | AD81: ✅ | AE81: 0 | AF81: 0.34166667 | AG81: 0.34166667 | AH81: ✅ | AI81: 0.40208333 | AJ81: 0.40208333 | AK81: ✅ | AL81: samsira | AM81: samsira | AN81: ✅ | AO81: CPO000040MIS | AQ81: 6 Roda | AR81: Pomala
A82: 63 | B82: 41 | C82: Seri+Kontrak | D82: ❌ Ada Perbedaan | F82: DP 8821 GL | G82: DP 8821 GL | H82: ✅ | I82: 215/PJB/MIS-WINS/X/2025 | J82: 215/PJB/MIS-WINS/X/2025 | K82: ✅ | L82: PT MIS - 1- 500 | M82: PT. MIS / 1 / 500 | N82: PT. MADINRA INTI SAWIT | O82: 45962 | P82: 45962 | Q82: ✅ | R82: 13370 | S82: 13370 | T82: ✅ | U82: 3790 | V82: 3790 | W82: ✅ | X82: 9580 | Y82: 9580 | Z82: ✅ | AA82: 0 | AB82: 9540 | AC82: 9540 | AD82: ✅ | AE82: 0 | AF82: 0.97569444 | AG82: 0.97569444 | AH82: ❌ | AI82: 0.047222222 | AJ82: 0.047222222 | AK82: ✅ | AL82: samsira | AM82: samsira | AN82: ✅ | AO82: CPO000041MIS | AQ82: 6 Roda | AR82: Pomala
A83: 64 | B83: 41 | C83: Seri+Kontrak | D83: ✅ Semua Cocok | F83: DP 8004 GJ | G83: DP 8004 GJ | H83: ✅ | I83: 245/PJB/MIS-WINS/XI/2025 | J83: 245/PJB/MIS-WINS/XI/2025 | K83: ✅ | L83: PT MIS - 2 - 600 | M83: PT. MIS / 2 / 600 | N83: PT. MADINRA INTI SAWIT | O83: 46001 | P83: 46001 | Q83: ✅ | R83: 13580 | S83: 13580 | T83: ✅ | U83: 3980 | V83: 3980 | W83: ✅ | X83: 9600 | Y83: 9600 | Z83: ✅ | AA83: 0 | AB83: 9570 | AC83: 9570 | AD83: ✅ | AE83: 0 | AF83: 0.34513889 | AG83: 0.34513889 | AH83: ✅ | AI83: 0.43541667 | AJ83: 0.43541667 | AK83: ✅ | AL83: Samsira | AM83: samsira | AN83: ✅ | AO83: CPO000041MIS | AQ83: 6 Roda | AR83: Pomala
A84: 65 | B84: 42 | C84: Seri+Kontrak | D84: ✅ Semua Cocok | F84: DP 8951 GB | G84: DP 8951 GB | H84: ✅ | I84: 215/PJB/MIS-WINS/X/2025 | J84: 215/PJB/MIS-WINS/X/2025 | K84: ✅ | L84: PT MIS - 1- 500 | M84: PT. MIS / 1 / 500 | N84: PT. MADINRA INTI SAWIT | O84: 45962 | P84: 45962 | Q84: ✅ | R84: 13700 | S84: 13700 | T84: ✅ | U84: 4070 | V84: 4070 | W84: ✅ | X84: 9630 | Y84: 9630 | Z84: ✅ | AA84: 0 | AB84: 9590 | AC84: 9590 | AD84: ✅ | AE84: 0 | AF84: 0.97708333 | AG84: 0.97708333 | AH84: ✅ | AI84: 0.058333333 | AJ84: 0.058333333 | AK84: ✅ | AL84: samsira | AM84: samsira | AN84: ✅ | AO84: CPO000042MIS | AQ84: 6 Roda | AR84: Pomala
A85: 66 | B85: 42 | C85: Seri+Kontrak | D85: ✅ Semua Cocok | F85: DN 8492 CU | G85: DN 8492 CU | H85: ✅ | I85: 245/PJB/MIS-WINS/XI/2025 | J85: 245/PJB/MIS-WINS/XI/2025 | K85: ✅ | L85: PT MIS - 2 - 600 | M85: PT. MIS / 2 / 600 | N85: PT. MADINRA INTI SAWIT | O85: 46001 | P85: 46001 | Q85: ✅ | R85: 14110 | S85: 14110 | T85: ✅ | U85: 4110 | V85: 4110 | W85: ✅ | X85: 10000 | Y85: 10000 | Z85: ✅ | AA85: 0 | AB85: 9970 | AC85: 9970 | AD85: ✅ | AE85: 0 | AF85: 0.34583333 | AG85: 0.34583333 | AH85: ✅ | AI85: 0.46180556 | AJ85: 0.46180556 | AK85: ✅ | AL85: Samsira | AM85: samsira | AN85: ✅ | AO85: CPO000042MIS | AQ85: 6 Roda | AR85: Pomala
A86: 67 | B86: 43 | C86: Seri+Kontrak | D86: ✅ Semua Cocok | F86: DP 8994 GH | G86: DP 8994 GH | H86: ✅ | I86: 215/PJB/MIS-WINS/X/2025 | J86: 215/PJB/MIS-WINS/X/2025 | K86: ✅ | L86: PT MIS - 1- 500 | M86: PT. MIS / 1 / 500 | N86: PT. MADINRA INTI SAWIT | O86: 45962 | P86: 45962 | Q86: ✅ | R86: 13570 | S86: 13570 | T86: ✅ | U86: 3910 | V86: 3910 | W86: ✅ | X86: 9660 | Y86: 9660 | Z86: ✅ | AA86: 0 | AB86: 9650 | AC86: 9650 | AD86: ✅ | AE86: 0 | AF86: 0.97777778 | AG86: 0.97777778 | AH86: ✅ | AI86: 0.095138889 | AJ86: 0.095138889 | AK86: ✅ | AL86: samsira | AM86: samsira | AN86: ✅ | AO86: CPO000043MIS | AQ86: 6 Roda | AR86: Pomala
A87: 68 | B87: 43 | C87: Seri+Kontrak | D87: ✅ Semua Cocok | F87: DP 8076 TE | G87: DP 8076 TE | H87: ✅ | I87: 245/PJB/MIS-WINS/XI/2025 | J87: 245/PJB/MIS-WINS/XI/2025 | K87: ✅ | L87: PT MIS - 2 - 600 | M87: PT. MIS / 2 / 600 | N87: PT. MADINRA INTI SAWIT | O87: 46001 | P87: 46001 | Q87: ✅ | R87: 13540 | S87: 13540 | T87: ✅ | U87: 3920 | V87: 3920 | W87: ✅ | X87: 9620 | Y87: 9620 | Z87: ✅ | AA87: 0 | AB87: 10180 | AC87: 10180 | AD87: ✅ | AE87: 0 | AF87: 0.34791667 | AG87: 0.34791667 | AH87: ✅ | AI87: 0.47291667 | AJ87: 0.47291667 | AK87: ✅ | AL87: Samsira | AM87: samsira | AN87: ✅ | AO87: CPO000043MIS | AQ87: 6 Roda | AR87: Pomala
A88: 69 | B88: 44 | C88: Seri+Kontrak | D88: ✅ Semua Cocok | F88: DP 8928 GM | G88: DP 8928 GM | H88: ✅ | I88: 215/PJB/MIS-WINS/X/2025 | J88: 215/PJB/MIS-WINS/X/2025 | K88: ✅ | L88: PT MIS - 1- 500 | M88: PT. MIS / 1 / 500 | N88: PT. MADINRA INTI SAWIT | O88: 45962 | P88: 45962 | Q88: ✅ | R88: 13900 | S88: 13900 | T88: ✅ | U88: 3810 | V88: 3810 | W88: ✅ | X88: 10090 | Y88: 10090 | Z88: ✅ | AA88: 0 | AB88: 10090 | AC88: 10090 | AD88: ✅ | AE88: 0 | AF88: 0.97847222 | AG88: 0.97847222 | AH88: ✅ | AI88: 0.063194444 | AJ88: 0.063194444 | AK88: ✅ | AL88: samsira | AM88: samsira | AN88: ✅ | AO88: CPO000044MIS | AQ88: 6 Roda | AR88: Pomala
A89: 70 | B89: 44 | C89: Seri+Kontrak | D89: ✅ Semua Cocok | F89: DP 8994 GH | G89: DP 8994 GH | H89: ✅ | I89: 245/PJB/MIS-WINS/XI/2025 | J89: 245/PJB/MIS-WINS/XI/2025 | K89: ✅ | L89: PT MIS - 2 - 600 | M89: PT. MIS / 2 / 600 | N89: PT. MADINRA INTI SAWIT | O89: 46001 | P89: 46001 | Q89: ✅ | R89: 13470 | S89: 13470 | T89: ✅ | U89: 3630 | V89: 3630 | W89: ✅ | X89: 9840 | Y89: 9840 | Z89: ✅ | AA89: 0 | AB89: 9830 | AC89: 9830 | AD89: ✅ | AE89: 0 | AF89: 0.43055556 | AG89: 0.43055556 | AH89: ✅ | AI89: 0.50208333 | AJ89: 0.50208333 | AK89: ✅ | AL89: Samsira | AM89: samsira | AN89: ✅ | AO89: CPO000044MIS | AQ89: 6 Roda | AR89: Pomala
A90: 71 | B90: 45 | C90: Seri+Kontrak | D90: ✅ Semua Cocok | F90: DN 8492 CU | G90: DN 8492 CU | H90: ✅ | I90: 215/PJB/MIS-WINS/X/2025 | J90: 215/PJB/MIS-WINS/X/2025 | K90: ✅ | L90: PT MIS - 1- 500 | M90: PT. MIS / 1 / 500 | N90: PT. MADINRA INTI SAWIT | O90: 45962 | P90: 45962 | Q90: ✅ | R90: 13600 | S90: 13600 | T90: ✅ | U90: 3990 | V90: 3990 | W90: ✅ | X90: 9610 | Y90: 9610 | Z90: ✅ | AA90: 0 | AB90: 9590 | AC90: 9590 | AD90: ✅ | AE90: 0 | AF90: 0.97916667 | AG90: 0.97916667 | AH90: ✅ | AI90: 0.11597222 | AJ90: 0.11597222 | AK90: ✅ | AL90: samsira | AM90: samsira | AN90: ✅ | AO90: CPO000045MIS | AQ90: 6 Roda | AR90: Pomala
A91: 72 | B91: 45 | C91: Seri+Kontrak | D91: ❌ Ada Perbedaan | F91: DP 8862 GG | G91: DP 8862 GG | H91: ✅ | I91: 245/PJB/MIS-WINS/XI/2025 | J91: 245/PJB/MIS-WINS/XI/2025 | K91: ✅ | L91: PT MIS - 2 - 600 | M91: PT. MIS / 2 / 600 | N91: PT. MADINRA INTI SAWIT | O91: 46001 | P91: 46001 | Q91: ✅ | R91: 14540 | S91: 14540 | T91: ✅ | U91: 4370 | V91: 4370 | W91: ✅ | X91: 10170 | Y91: 10170 | Z91: ✅ | AA91: 0 | AB91: 9650 | AC91: 9650 | AD91: ✅ | AE91: 0 | AF91: 0.43194444 | AG91: 0.43194444 | AH91: ❌ | AI91: 0.51041667 | AJ91: 0.51041667 | AK91: ✅ | AL91: Samsira | AM91: samsira | AN91: ✅ | AO91: CPO000045MIS | AQ91: 6 Roda | AR91: Pomala
... A93: 74 | B93: 47 | C93: Seri+Kontrak | D93: ✅ Semua Cocok | F93: DP 8662 GH | G93: DP 8662 GH | H93: ✅ | I93: 215/PJB/MIS-WINS/X/2025 | J93: 215/PJB/MIS-WINS/X/2025 | K93: ✅ | L93: PT MIS - 1- 500 | M93: PT. MIS / 1 / 500 | N93: PT. MADINRA INTI SAWIT | O93: 45962 | P93: 45962 | Q93: ✅ | R93: 14050 | S93: 14050 | T93: ✅ | U93: 3960 | V93: 3960 | W93: ✅ | X93: 10090 | Y93: 10090 | Z93: ✅ | AA93: 0 | AB93: 10070 | AC93: 10070 | AD93: ✅ | AE93: 0 | AF93: 0.090972222 | AG93: 0.090972222 | AH93: ✅ | AI93: 0.15208333 | AJ93: 0.15208333 | AK93: ✅ | AL93: samsira | AM93: samsira | AN93: ✅ | AO93: CPO000047MIS | AQ93: 6 Roda | AR93: Pomala
A94: 75 | B94: 47 | C94: Seri saja | D94: ❌ Ada Perbedaan | F94: BM 8315 QO | G94: BM 8315 QO | H94: ✅ | K94: ✅ | L94: PT. KMP - 8 - 500 | M94: PT. KMP / 8 / 500 | N94: PT. KASMAR MATANO PERSADA | O94: 46267 | P94: 46062 | Q94: ❌ | R94: 45900 | S94: 45900 | T94: ✅ | U94: 17600 | V94: 17600 | W94: ✅ | X94: 28300 | Y94: 28300 | Z94: ✅ | AA94: 0 | AB94: 28360 | AC94: 28360 | AD94: ✅ | AE94: 0 | AF94: 0.57013889 | AG94: 0.57013889 | AH94: ✅ | AI94: 0.63888889 | AJ94: 0.63888889 | AK94: ✅ | AL94: Samsira | AM94: samsira | AN94: ✅ | AO94: CPO000047KMP | AP94: IQBAL | AQ94: 12 Roda | AR94: Masamba
A95: 76 | B95: 48 | C95: Seri+Kontrak | D95: ✅ Semua Cocok | F95: DP 8004 GJ | G95: DP 8004 GJ | H95: ✅ | I95: 215/PJB/MIS-WINS/X/2025 | J95: 215/PJB/MIS-WINS/X/2025 | K95: ✅ | L95: PT MIS - 1- 500 | M95: PT. MIS / 1 / 500 | N95: PT. MADINRA INTI SAWIT | O95: 45962 | P95: 45962 | Q95: ✅ | R95: 13500 | S95: 13500 | T95: ✅ | U95: 4090 | V95: 4090 | W95: ✅ | X95: 9410 | Y95: 9410 | Z95: ✅ | AA95: 0 | AB95: 9380 | AC95: 9380 | AD95: ✅ | AE95: 0 | AF95: 0.091666667 | AG95: 0.091666667 | AH95: ✅ | AI95: 0.16666667 | AJ95: 0.16666667 | AK95: ✅ | AL95: samsira | AM95: samsira | AN95: ✅ | AO95: CPO000048MIS | AQ95: 6 Roda | AR95: Pomala
A96: 77 | B96: 48 | C96: Seri saja | D96: ❌ Ada Perbedaan | F96: DD 8711 XX | G96: DD 8711 XX | H96: ✅ | K96: ✅ | L96: PT. KMP - 8 - 500 | M96: PT. KMP / 8 / 500 | N96: PT. KASMAR MATANO PERSADA | O96: 46267 | P96: 46062 | Q96: ❌ | R96: 25000 | S96: 25000 | T96: ✅ | U96: 10720 | V96: 10720 | W96: ✅ | X96: 14280 | Y96: 14280 | Z96: ✅ | AA96: 0 | AB96: 14320 | AC96: 14320 | AD96: ✅ | AE96: 0 | AF96: 0.57291667 | AG96: 0.57291667 | AH96: ✅ | AI96: 0.62638889 | AJ96: 0.62638889 | AK96: ✅ | AL96: Samsira | AM96: samsira | AN96: ✅ | AO96: CPO000048KMP | AP96: RONI RAKAN | AQ96: 10 Roda | AR96: Masamba
A97: 78 | B97: 49 | C97: Seri+Kontrak | D97: ✅ Semua Cocok | F97: DP 8762 GH | G97: DP 8762 GH | H97: ✅ | I97: 215/PJB/MIS-WINS/X/2025 | J97: 215/PJB/MIS-WINS/X/2025 | K97: ✅ | L97: PT MIS - 1- 500 | M97: PT. MIS / 1 / 500 | N97: PT. MADINRA INTI SAWIT | O97: 45962 | P97: 45962 | Q97: ✅ | R97: 13150 | S97: 13150 | T97: ✅ | U97: 3810 | V97: 3810 | W97: ✅ | X97: 9340 | Y97: 9340 | Z97: ✅ | AA97: 0 | AB97: 9320 | AC97: 9320 | AD97: ✅ | AE97: 0 | AF97: 0.12083333 | AG97: 0.12083333 | AH97: ✅ | AI97: 0.17777778 | AJ97: 0.17777778 | AK97: ✅ | AL97: samsira | AM97: samsira | AN97: ✅ | AO97: CPO000049MIS | AQ97: 6 Roda | AR97: Pomala
A98: 79 | B98: 49 | C98: Seri saja | D98: ❌ Ada Perbedaan | F98: DD 9236 XX | G98: DD 9236 XX | H98: ✅ | K98: ✅ | L98: PT. KMP - 8 - 500 | M98: PT. KMP / 8 / 500 | N98: PT. KASMAR MATANO PERSADA | O98: 46267 | P98: 46062 | Q98: ❌ | R98: 45800 | S98: 45800 | T98: ✅ | U98: 17560 | V98: 17560 | W98: ✅ | X98: 28240 | Y98: 28240 | Z98: ✅ | AA98: 0 | AB98: 28300 | AC98: 28300 | AD98: ✅ | AE98: 0 | AF98: 0.57361111 | AG98: 0.57361111 | AH98: ✅ | AI98: 0.63263889 | AJ98: 0.63263889 | AK98: ✅ | AL98: Samsira | AM98: samsira | AN98: ✅ | AO98: CPO000049KMP | AP98: IBRAHIM | AQ98: 12 Roda | AR98: Masamba
A99: 80 | B99: 50 | C99: Seri+Kontrak | D99: ✅ Semua Cocok | F99: DP 9826 GA | G99: DP 9826 GA | H99: ✅ | I99: 215/PJB/MIS-WINS/X/2025 | J99: 215/PJB/MIS-WINS/X/2025 | K99: ✅ | L99: PT MIS - 1- 500 | M99: PT. MIS / 1 / 500 | N99: PT. MADINRA INTI SAWIT | O99: 45962 | P99: 45962 | Q99: ✅ | R99: 13910 | S99: 13910 | T99: ✅ | U99: 4030 | V99: 4030 | W99: ✅ | X99: 9880 | Y99: 9880 | Z99: ✅ | AA99: 0 | AB99: 9870 | AC99: 9870 | AD99: ✅ | AE99: 0 | AF99: 0.12152778 | AG99: 0.12152778 | AH99: ✅ | AI99: 0.18958333 | AJ99: 0.18958333 | AK99: ✅ | AL99: samsira | AM99: samsira | AN99: ✅ | AO99: CPO000050MIS | AQ99: 6 Roda | AR99: Pomala
A100: 81 | B100: 50 | C100: Seri saja | D100: ❌ Ada Perbedaan | F100: BM 8315 QO | G100: BM 8315 QO | H100: ✅ | K100: ✅ | L100: PT. KMP - 8 - 500 | M100: PT. KMP / 8 / 500 | N100: PT. KASMAR MATANO PERSADA | O100: 46297 | P100: 46063 | Q100: ❌ | R100: 45890 | S100: 45890 | T100: ✅ | U100: 17560 | V100: 17560 | W100: ✅ | X100: 28330 | Y100: 28330 | Z100: ✅ | AA100: 0 | AB100: 28380 | AC100: 28380 | AD100: ✅ | AE100: 0 | AF100: 0.49652778 | AG100: 0.49652778 | AH100: ✅ | AI100: 0.55277778 | AJ100: 0.55277778 | AK100: ✅ | AL100: Samsira | AM100: samsira | AN100: ✅ | AO100: CPO000050KMP | AP100: IQBAL | AQ100: 12 Roda | AR100: Masamba
A101: 82 | B101: 51 | C101: Seri+Kontrak | D101: ✅ Semua Cocok | F101: DP 8798 GH | G101: DP 8798 GH | H101: ✅ | I101: 215/PJB/MIS-WINS/X/2025 | J101: 215/PJB/MIS-WINS/X/2025 | K101: ✅ | L101: PT MIS - 1- 500 | M101: PT. MIS / 1 / 500 | N101: PT. MADINRA INTI SAWIT | O101: 45962 | P101: 45962 | Q101: ✅ | R101: 13450 | S101: 13450 | T101: ✅ | U101: 4020 | V101: 4020 | W101: ✅ | X101: 9430 | Y101: 9430 | Z101: ✅ | AA101: 0 | AB101: 9430 | AC101: 9430 | AD101: ✅ | AE101: 0 | AF101: 0.12569444 | AG101: 0.12569444 | AH101: ✅ | AI101: 0.20625 | AJ101: 0.20625 | AK101: ✅ | AL101: samsira | AM101: samsira | AN101: ✅ | AO101: CPO000051MIS | AQ101: 6 Roda | AR101: Pomala
A102: 83 | B102: 51 | C102: Seri saja | D102: ❌ Ada Perbedaan | F102: DD 8711 XX | G102: DD 8711 XX | H102: ✅ | K102: ✅ | L102: PT. KMP - 8 - 500 | M102: PT. KMP / 8 / 500 | N102: PT. KASMAR MATANO PERSADA | O102: 46297 | P102: 46063 | Q102: ❌ | R102: 24960 | S102: 24960 | T102: ✅ | U102: 10670 | V102: 10670 | W102: ✅ | X102: 14290 | Y102: 14290 | Z102: ✅ | AA102: 0 | AB102: 14280 | AC102: 14280 | AD102: ✅ | AE102: 0 | AF102: 0.49791667 | AG102: 0.49791667 | AH102: ✅ | AI102: 0.55347222 | AJ102: 0.55347222 | AK102: ✅ | AL102: Samsira | AM102: samsira | AN102: ✅ | AO102: CPO000051KMP | AP102: RONI RAKAN | AQ102: 10 Roda | AR102: Masamba
A103: 84 | B103: 52 | C103: Seri+Kontrak | D103: ✅ Semua Cocok | F103: DP 9846 GA | G103: DP 9846 GA | H103: ✅ | I103: 215/PJB/MIS-WINS/X/2025 | J103: 215/PJB/MIS-WINS/X/2025 | K103: ✅ | L103: PT MIS - 1- 500 | M103: PT. MIS / 1 / 500 | N103: PT. MADINRA INTI SAWIT | O103: 45962 | P103: 45962 | Q103: ✅ | R103: 13210 | S103: 13210 | T103: ✅ | U103: 3620 | V103: 3620 | W103: ✅ | X103: 9590 | Y103: 9590 | Z103: ✅ | AA103: 0 | AB103: 9580 | AC103: 9580 | AD103: ✅ | AE103: 0 | AF103: 0.90625 | AG103: 0.90625 | AH103: ✅ | AI103: 0.94722222 | AJ103: 0.94722222 | AK103: ✅ | AL103: samsira | AM103: samsira | AN103: ✅ | AO103: CPO000052MIS | AQ103: 6 Roda | AR103: Pomala
A104: 85 | B104: 52 | C104: Seri saja | D104: ❌ Ada Perbedaan | F104: DD 9236 XX | G104: DD 9236 XX | H104: ✅ | K104: ✅ | L104: PT. KMP - 8 - 500 | M104: PT. KMP / 8 / 500 | N104: PT. KASMAR MATANO PERSADA | O104: 46297 | P104: 46063 | Q104: ❌ | R104: 45790 | S104: 45790 | T104: ✅ | U104: 17540 | V104: 17540 | W104: ✅ | X104: 28250 | Y104: 28250 | Z104: ✅ | AA104: 0 | AB104: 28320 | AC104: 28320 | AD104: ✅ | AE104: 0 | AF104: 0.55208333 | AG104: 0.55208333 | AH104: ✅ | AI104: 0.58680556 | AJ104: 0.58680556 | AK104: ✅ | AL104: Samsira | AM104: samsira | AN104: ✅ | AO104: CPO000052KMP | AP104: IBRAHIM | AQ104: 12 Roda | AR104: Masamba
A105: 86 | B105: 53 | C105: Seri+Kontrak | D105: ✅ Semua Cocok | F105: DD 8671 YD | G105: DD 8671 YD | H105: ✅ | I105: 215/PJB/MIS-WINS/X/2025 | J105: 215/PJB/MIS-WINS/X/2025 | K105: ✅ | L105: PT MIS - 1- 500 | M105: PT. MIS / 1 / 500 | N105: PT. MADINRA INTI SAWIT | O105: 45962 | P105: 45962 | Q105: ✅ | R105: 14260 | S105: 14260 | T105: ✅ | U105: 4580 | V105: 4580 | W105: ✅ | X105: 9680 | Y105: 9680 | Z105: ✅ | AA105: 0 | AB105: 9640 | AC105: 9640 | AD105: ✅ | AE105: 0 | AF105: 0.90694444 | AG105: 0.90694444 | AH105: ✅ | AI105: 0.94930556 | AJ105: 0.94930556 | AK105: ✅ | AL105: samsira | AM105: samsira | AN105: ✅ | AO105: CPO000053MIS | AQ105: 6 Roda | AR105: Pomala
A106: 87 | B106: 54 | C106: Seri+Kontrak | D106: ✅ Semua Cocok | F106: DN 8813 EB | G106: DN 8813 EB | H106: ✅ | I106: 215/PJB/MIS-WINS/X/2025 | J106: 215/PJB/MIS-WINS/X/2025 | K106: ✅ | L106: PT MIS - 1- 500 | M106: PT. MIS / 1 / 500 | N106: PT. MADINRA INTI SAWIT | O106: 45962 | P106: 45962 | Q106: ✅ | R106: 13810 | S106: 13810 | T106: ✅ | U106: 4090 | V106: 4090 | W106: ✅ | X106: 9720 | Y106: 9720 | Z106: ✅ | AA106: 0 | AB106: 9670 | AC106: 9670 | AD106: ✅ | AE106: 0 | AF106: 0.90833333 | AG106: 0.90833333 | AH106: ✅ | AI106: 0.96458333 | AJ106: 0.96458333 | AK106: ✅ | AL106: samsira | AM106: samsira | AN106: ✅ | AO106: CPO000054MIS | AQ106: 6 Roda | AR106: Pomala
A107: 88 | B107: 54 | C107: Seri saja | D107: ❌ Ada Perbedaan | F107: DD 9236 XX | G107: DD 9236 XX | H107: ✅ | J107: 0095/R2/HO-PALM/CPO-L/I/2026 | K107: ❌ | L107: PT.PN - 5-1.000 | M107: PT. PN / 5 / 1.000 | N107: PT. PERKEBUNAN NUSANTARA | O107: 46297 | P107: 46063 | Q107: ❌ | R107: 45760 | S107: 45760 | T107: ✅ | U107: 17560 | V107: 17560 | W107: ✅ | X107: 28200 | Y107: 28200 | Z107: ✅ | AA107: 0 | AB107: 28100 | AC107: 28100 | AD107: ✅ | AE107: 0 | AF107: 0.89513889 | AG107: 0.89513889 | AH107: ✅ | AI107: 0.95694444 | AJ107: 0.95694444 | AK107: ❌ | AL107: Datu | AM107: Datu | AN107: ✅ | AO107: CPO000054PN | AP107: IBRAHIM | AQ107: 12 Roda | AR107: Burau
A108: 89 | B108: 55 | C108: Seri+Kontrak | D108: ✅ Semua Cocok | F108: DP 8606 GE | G108: DP 8606 GE | H108: ✅ | I108: 215/PJB/MIS-WINS/X/2025 | J108: 215/PJB/MIS-WINS/X/2025 | K108: ✅ | L108: PT MIS - 1- 500 | M108: PT. MIS / 1 / 500 | N108: PT. MADINRA INTI SAWIT | O108: 45963 | P108: 45963 | Q108: ✅ | R108: 13910 | S108: 13910 | T108: ✅ | U108: 4120 | V108: 4120 | W108: ✅ | X108: 9790 | Y108: 9790 | Z108: ✅ | AA108: 0 | AB108: 9830 | AC108: 9830 | AD108: ✅ | AE108: 0 | AF108: 0.34236111 | AG108: 0.34236111 | AH108: ✅ | AI108: 0.37569444 | AJ108: 0.37569444 | AK108: ✅ | AL108: samsira | AM108: samsira | AN108: ✅ | AO108: CPO000055MIS | AQ108: 6 Roda | AR108: Pomala
A109: 90 | B109: 55 | C109: Seri saja | D109: ❌ Ada Perbedaan | F109: DP 8036 GK | G109: DP 8036 GK | H109: ✅ | J109: 027/PJB/MIS-WINS/I/2026 | K109: ❌ | L109: PT. MIS - 5 - 500 | M109: PT. MIS / 5 / 500 | N109: PT. MADINRA INTI SAWIT | O109: 46297 | P109: 46063 | Q109: ❌ | R109: 13380 | S109: 13380 | T109: ✅ | U109: 4050 | V109: 4050 | W109: ✅ | X109: 9330 | Y109: 9330 | Z109: ✅ | AA109: 0 | AB109: 9330 | AC109: 9330 | AD109: ✅ | AE109: 0 | AF109: 0.89791667 | AG109: 0.89791667 | AH109: ✅ | AI109: 0.95833333 | AJ109: 0.95833333 | AK109: ✅ | AL109: Datu | AM109: Datu | AN109: ✅ | AO109: CPO000055MIS | AQ109: 6 Roda | AR109: Pomala
A110: 91 | B110: 56 | C110: Seri+Kontrak | D110: ❌ Ada Perbedaan | F110: DD 8574 YE | G110: DD 8574 YE | H110: ✅ | I110: 215/PJB/MIS-WINS/X/2025 | J110: 215/PJB/MIS-WINS/X/2025 | K110: ✅ | L110: PT MIS - 1- 500 | M110: PT. MIS / 1 / 500 | N110: PT. MADINRA INTI SAWIT | O110: 45963 | P110: 45963 | Q110: ✅ | R110: 13520 | S110: 13520 | T110: ✅ | U110: 4110 | V110: 4110 | W110: ✅ | X110: 9410 | Y110: 9410 | Z110: ✅ | AA110: 0 | AB110: 9550 | AC110: 9550 | AD110: ✅ | AE110: 0 | AF110: 0.34513889 | AG110: 0.34513889 | AH110: ✅ | AI110: 0.38819444 | AJ110: 0.38819444 | AK110: ❌ | AL110: samsira | AM110: samsira | AN110: ✅ | AO110: CPO000056MIS | AQ110: 6 Roda | AR110: Pomala
A111: 92 | B111: 56 | C111: Seri saja | D111: ❌ Ada Perbedaan | F111: DP 8951 GB | G111: DP 8951 GB | H111: ✅ | J111: 027/PJB/MIS-WINS/I/2026 | K111: ❌ | L111: PT. MIS - 5 - 500 | M111: PT. MIS / 5 / 500 | N111: PT. MADINRA INTI SAWIT | O111: 46297 | P111: 46063 | Q111: ❌ | R111: 13730 | S111: 13730 | T111: ✅ | U111: 4130 | V111: 4130 | W111: ✅ | X111: 9600 | Y111: 9600 | Z111: ✅ | AA111: 0 | AB111: 9600 | AC111: 9600 | AD111: ✅ | AE111: 0 | AF111: 0.9 | AG111: 0.9 | AH111: ✅ | AI111: 0.94652778 | AJ111: 0.94652778 | AK111: ✅ | AL111: Datu | AM111: Datu | AN111: ✅ | AO111: CPO000056MIS | AQ111: 6 Roda | AR111: Pomala
A112: 93 | B112: 57 | C112: Seri+Kontrak | D112: ✅ Semua Cocok | F112: DP 9859 GA | G112: DP 9859 GA | H112: ✅ | I112: 215/PJB/MIS-WINS/X/2025 | J112: 215/PJB/MIS-WINS/X/2025 | K112: ✅ | L112: PT MIS - 1- 500 | M112: PT. MIS / 1 / 500 | N112: PT. MADINRA INTI SAWIT | O112: 45963 | P112: 45963 | Q112: ✅ | R112: 14190 | S112: 14190 | T112: ✅ | U112: 4180 | V112: 4180 | W112: ✅ | X112: 10010 | Y112: 10010 | Z112: ✅ | AA112: 0 | AB112: 9970 | AC112: 9970 | AD112: ✅ | AE112: 0 | AF112: 0.34722222 | AG112: 0.34722222 | AH112: ✅ | AI112: 0.40347222 | AJ112: 0.40347222 | AK112: ✅ | AL112: samsira | AM112: samsira | AN112: ✅ | AO112: CPO000057MIS | AQ112: 6 Roda | AR112: Pomala
A113: 94 | B113: 57 | C113: Seri saja | D113: ❌ Ada Perbedaan | F113: DP 8674 GC | G113: DP 8674 GC | H113: ✅ | J113: 027/PJB/MIS-WINS/I/2026 | K113: ❌ | L113: PT. MIS - 5 - 500 | M113: PT. MIS / 5 / 500 | N113: PT. MADINRA INTI SAWIT | O113: 46297 | P113: 46063 | Q113: ❌ | R113: 13710 | S113: 13710 | T113: ✅ | U113: 4100 | V113: 4100 | W113: ✅ | X113: 9610 | Y113: 9610 | Z113: ✅ | AA113: 0 | AB113: 9780 | AC113: 9780 | AD113: ✅ | AE113: 0 | AF113: 0.90138889 | AG113: 0.90138889 | AH113: ✅ | AI113: 0.95972222 | AJ113: 0.95972222 | AK113: ✅ | AL113: Datu | AM113: Datu | AN113: ✅ | AO113: CPO000057MIS | AQ113: 6 Roda | AR113: Pomala
A114: 95 | B114: 58 | C114: Seri+Kontrak | D114: ✅ Semua Cocok | F114: DP 8446 GC | G114: DP 8446 GC | H114: ✅ | I114: 215/PJB/MIS-WINS/X/2025 | J114: 215/PJB/MIS-WINS/X/2025 | K114: ✅ | L114: PT MIS - 1- 500 | M114: PT. MIS / 1 / 500 | N114: PT. MADINRA INTI SAWIT | O114: 45963 | P114: 45963 | Q114: ✅ | R114: 13430 | S114: 13430 | T114: ✅ | U114: 3940 | V114: 3940 | W114: ✅ | X114: 9490 | Y114: 9490 | Z114: ✅ | AA114: 0 | AB114: 9480 | AC114: 9480 | AD114: ✅ | AE114: 0 | AF114: 0.34930556 | AG114: 0.34930556 | AH114: ✅ | AI114: 0.40972222 | AJ114: 0.40972222 | AK114: ✅ | AL114: samsira | AM114: samsira | AN114: ✅ | AO114: CPO000058MIS | AQ114: 6 Roda | AR114: Pomala
A115: 96 | B115: 58 | C115: Seri saja | D115: ❌ Ada Perbedaan | F115: DD 8711 XX | G115: DD 8711 XX | H115: ✅ | J115: 0095/R2/HO-PALM/CPO-L/I/2026 | K115: ❌ | L115: PT.PN - 5-1.000 | M115: PT. PN / 5 / 1.000 | N115: PT. PERKEBUNAN NUSANTARA | O115: 46297 | P115: 46063 | Q115: ❌ | R115: 24960 | S115: 24960 | T115: ✅ | U115: 10730 | V115: 10730 | W115: ✅ | X115: 14230 | Y115: 14230 | Z115: ✅ | AA115: 0 | AB115: 14190 | AC115: 14190 | AD115: ✅ | AE115: 0 | AF115: 0.90208333 | AG115: 0.90208333 | AH115: ✅ | AI115: 0.98472222 | AJ115: 0.98472222 | AK115: ✅ | AL115: Datu | AM115: Datu | AN115: ✅ | AO115: CPO000058PN | AP115: RONI RAKAN | AQ115: 10 Roda | AR115: Burau
A116: 97 | B116: 59 | C116: Seri+Kontrak | D116: ✅ Semua Cocok | F116: DP 8817 GB | G116: DP 8817 GB | H116: ✅ | I116: 215/PJB/MIS-WINS/X/2025 | J116: 215/PJB/MIS-WINS/X/2025 | K116: ✅ | L116: PT MIS - 1- 500 | M116: PT. MIS / 1 / 500 | N116: PT. MADINRA INTI SAWIT | O116: 45963 | P116: 45963 | Q116: ✅ | R116: 13120 | S116: 13120 | T116: ✅ | U116: 3700 | V116: 3700 | W116: ✅ | X116: 9420 | Y116: 9420 | Z116: ✅ | AA116: 0 | AB116: 9400 | AC116: 9400 | AD116: ✅ | AE116: 0 | AF116: 0.35069444 | AG116: 0.35069444 | AH116: ✅ | AI116: 0.43819444 | AJ116: 0.43819444 | AK116: ✅ | AL116: samsira | AM116: samsira | AN116: ✅ | AO116: CPO000059MIS | AQ116: 6 Roda | AR116: Pomala
A117: 98 | B117: 59 | C117: Seri saja | D117: ❌ Ada Perbedaan | F117: BM 8315 QO | G117: BM 8315 QO | H117: ✅ | J117: 0095/R2/HO-PALM/CPO-L/I/2026 | K117: ❌ | L117: PT.PN - 5-1.000 | M117: PT. PN / 5 / 1.000 | N117: PT. PERKEBUNAN NUSANTARA | O117: 46297 | P117: 46063 | Q117: ❌ | R117: 45590 | S117: 45590 | T117: ✅ | U117: 17380 | V117: 17380 | W117: ✅ | X117: 28210 | Y117: 28210 | Z117: ✅ | AA117: 0 | AB117: 28090 | AC117: 28090 | AD117: ✅ | AE117: 0 | AF117: 0.90416667 | AG117: 0.90416667 | AH117: ✅ | AI117: 0.99861111 | AJ117: 0.99861111 | AK117: ✅ | AL117: Datu | AM117: Datu | AN117: ✅ | AO117: CPO000059PN | AP117: IQBAL | AQ117: 12 Roda | AR117: Burau
A118: 99 | B118: 60 | C118: Seri+Kontrak | D118: ✅ Semua Cocok | F118: DP 8862 GG | G118: DP 8862 GG | H118: ✅ | I118: 215/PJB/MIS-WINS/X/2025 | J118: 215/PJB/MIS-WINS/X/2025 | K118: ✅ | L118: PT MIS - 1- 500 | M118: PT. MIS / 1 / 500 | N118: PT. MADINRA INTI SAWIT | O118: 45963 | P118: 45963 | Q118: ✅ | R118: 13450 | S118: 13450 | T118: ✅ | U118: 3620 | V118: 3620 | W118: ✅ | X118: 9830 | Y118: 9830 | Z118: ✅ | AA118: 0 | AB118: 9790 | AC118: 9790 | AD118: ✅ | AE118: 0 | AF118: 0.35138889 | AG118: 0.35138889 | AH118: ✅ | AI118: 0.43125 | AJ118: 0.43125 | AK118: ✅ | AL118: samsira | AM118: samsira | AN118: ✅ | AO118: CPO000060MIS | AQ118: 6 Roda | AR118: Pomala
A119: 100 | B119: 60 | C119: Seri saja | D119: ❌ Ada Perbedaan | F119: DP 8762 GH | G119: DP 8762 GH | H119: ✅ | J119: 027/PJB/MIS-WINS/I/2026 | K119: ❌ | L119: PT. MIS - 5 - 500 | M119: PT. MIS / 5 / 500 | N119: PT. MADINRA INTI SAWIT | O119: 46328 | P119: 46064 | Q119: ❌ | R119: 13040 | S119: 13040 | T119: ✅ | U119: 3850 | V119: 3850 | W119: ✅ | X119: 9190 | Y119: 9190 | Z119: ✅ | AA119: 0 | AB119: 9230 | AC119: 9230 | AD119: ✅ | AE119: 0 | AF119: 0.36180556 | AG119: 0.36180556 | AH119: ✅ | AI119: 0.46736111 | AJ119: 0.46736111 | AK119: ✅ | AL119: Samsira | AM119: samsira | AN119: ✅ | AO119: CPO000060MIS | AQ119: 6 Roda | AR119: Pomala
A120: 101 | B120: 61 | C120: Seri+Kontrak | D120: ✅ Semua Cocok | F120: DP 8762 GH | G120: DP 8762 GH | H120: ✅ | I120: 215/PJB/MIS-WINS/X/2025 | J120: 215/PJB/MIS-WINS/X/2025 | K120: ✅ | L120: PT MIS - 1- 500 | M120: PT. MIS / 1 / 500 | N120: PT. MADINRA INTI SAWIT | O120: 45964 | P120: 45964 | Q120: ✅ | R120: 13160 | S120: 13160 | T120: ✅ | U120: 3840 | V120: 3840 | W120: ✅ | X120: 9320 | Y120: 9320 | Z120: ✅ | AA120: 0 | AB120: 9280 | AC120: 9280 | AD120: ✅ | AE120: 0 | AF120: 0.87222222 | AG120: 0.87222222 | AH120: ✅ | AI120: 0.91527778 | AJ120: 0.91527778 | AK120: ✅ | AL120: samsira | AM120: samsira | AN120: ✅ | AO120: CPO000061MIS | AQ120: 6 Roda | AR120: Pomala
A121: 102 | B121: 61 | C121: Seri saja | D121: ❌ Ada Perbedaan | F121: DP 8926 GA | G121: DP 8926 GA | H121: ✅ | J121: 027/PJB/MIS-WINS/I/2026 | K121: ❌ | L121: PT. MIS - 5 - 500 | M121: PT. MIS / 5 / 500 | N121: PT. MADINRA INTI SAWIT | O121: 46328 | P121: 46064 | Q121: ❌ | R121: 13830 | S121: 13830 | T121: ✅ | U121: 4180 | V121: 4180 | W121: ✅ | X121: 9650 | Y121: 9650 | Z121: ✅ | AA121: 0 | AB121: 9750 | AC121: 9750 | AD121: ✅ | AE121: 0 | AF121: 0.36319444 | AG121: 0.36319444 | AH121: ✅ | AI121: 0.47847222 | AJ121: 0.47847222 | AK121: ✅ | AL121: Samsira | AM121: samsira | AN121: ✅ | AO121: CPO000061MIS | AQ121: 6 Roda | AR121: Pomala
A122: 103 | B122: 62 | C122: Seri+Kontrak | D122: ✅ Semua Cocok | F122: DP 8004 GJ | G122: DP 8004 GJ | H122: ✅ | I122: 215/PJB/MIS-WINS/X/2025 | J122: 215/PJB/MIS-WINS/X/2025 | K122: ✅ | L122: PT MIS - 1- 500 | M122: PT. MIS / 1 / 500 | N122: PT. MADINRA INTI SAWIT | O122: 45964 | P122: 45964 | Q122: ✅ | R122: 13470 | S122: 13470 | T122: ✅ | U122: 4080 | V122: 4080 | W122: ✅ | X122: 9390 | Y122: 9390 | Z122: ✅ | AA122: 0 | AB122: 9350 | AC122: 9350 | AD122: ✅ | AE122: 0 | AF122: 0.87291667 | AG122: 0.87291667 | AH122: ✅ | AI122: 0.91388889 | AJ122: 0.91388889 | AK122: ✅ | AL122: samsira | AM122: samsira | AN122: ✅ | AO122: CPO000062MIS | AQ122: 6 Roda | AR122: Pomala
A123: 104 | B123: 62 | C123: Seri saja | D123: ❌ Ada Perbedaan | F123: DP 8798 GH | G123: DP 8798 GH | H123: ✅ | J123: 027/PJB/MIS-WINS/I/2026 | K123: ❌ | L123: PT. MIS - 5 - 500 | M123: PT. MIS / 5 / 500 | N123: PT. MADINRA INTI SAWIT | O123: 46328 | P123: 46064 | Q123: ❌ | R123: 13410 | S123: 13410 | T123: ✅ | U123: 4120 | V123: 4120 | W123: ✅ | X123: 9290 | Y123: 9290 | Z123: ✅ | AA123: 0 | AB123: 9360 | AC123: 9360 | AD123: ✅ | AE123: 0 | AF123: 0.36458333 | AG123: 0.36458333 | AH123: ✅ | AI123: 0.45277778 | AJ123: 0.45277778 | AK123: ✅ | AL123: Samsira | AM123: samsira | AN123: ✅ | AO123: CPO000062MIS | AQ123: 6 Roda | AR123: Pomala
A124: 105 | B124: 63 | C124: Seri+Kontrak | D124: ✅ Semua Cocok | F124: DP 8798 GH | G124: DP 8798 GH | H124: ✅ | I124: 215/PJB/MIS-WINS/X/2025 | J124: 215/PJB/MIS-WINS/X/2025 | K124: ✅ | L124: PT MIS - 1- 500 | M124: PT. MIS / 1 / 500 | N124: PT. MADINRA INTI SAWIT | O124: 45964 | P124: 45964 | Q124: ✅ | R124: 13420 | S124: 13420 | T124: ✅ | U124: 4000 | V124: 4000 | W124: ✅ | X124: 9420 | Y124: 9420 | Z124: ✅ | AA124: 0 | AB124: 9370 | AC124: 9370 | AD124: ✅ | AE124: 0 | AF124: 0.87430556 | AG124: 0.87430556 | AH124: ✅ | AI124: 0.94027778 | AJ124: 0.94027778 | AK124: ✅ | AL124: samsira | AM124: samsira | AN124: ✅ | AO124: CPO000063MIS | AQ124: 6 Roda | AR124: Pomala
A125: 106 | B125: 63 | C125: Seri saja | D125: ❌ Ada Perbedaan | F125: DP 9821 GA | G125: DP 9821 GA | H125: ✅ | J125: 027/PJB/MIS-WINS/I/2026 | K125: ❌ | L125: PT. MIS - 5 - 500 | M125: PT. MIS / 5 / 500 | N125: PT. MADINRA INTI SAWIT | O125: 46328 | P125: 46064 | Q125: ❌ | R125: 13080 | S125: 13080 | T125: ✅ | U125: 4090 | V125: 4090 | W125: ✅ | X125: 8990 | Y125: 8990 | Z125: ✅ | AA125: 0 | AB125: 9240 | AC125: 9240 | AD125: ✅ | AE125: 0 | AF125: 0.72291667 | AG125: 0.72291667 | AH125: ✅ | AI125: 0.76944444 | AJ125: 0.76944444 | AK125: ❌ | AL125: Samsira | AM125: samsira | AN125: ✅ | AO125: CPO000063MIS | AQ125: 6 Roda | AR125: Pomala
A126: 107 | B126: 64 | C126: Seri+Kontrak | D126: ✅ Semua Cocok | F126: DP 8662 GH | G126: DP 8662 GH | H126: ✅ | I126: 215/PJB/MIS-WINS/X/2025 | J126: 215/PJB/MIS-WINS/X/2025 | K126: ✅ | L126: PT MIS - 1- 500 | M126: PT. MIS / 1 / 500 | N126: PT. MADINRA INTI SAWIT | O126: 45964 | P126: 45964 | Q126: ✅ | R126: 13920 | S126: 13920 | T126: ✅ | U126: 3860 | V126: 3860 | W126: ✅ | X126: 10060 | Y126: 10060 | Z126: ✅ | AA126: 0 | AB126: 10040 | AC126: 10040 | AD126: ✅ | AE126: 0 | AF126: 0.91041667 | AG126: 0.91041667 | AH126: ✅ | AI126: 0.94722222 | AJ126: 0.94722222 | AK126: ✅ | AL126: samsira | AM126: samsira | AN126: ✅ | AO126: CPO000064MIS | AQ126: 6 Roda | AR126: Pomala
A127: 108 | B127: 64 | C127: Seri saja | D127: ❌ Ada Perbedaan | F127: DP 9846 GA | G127: DP 9846 GA | H127: ✅ | J127: 027/PJB/MIS-WINS/I/2026 | K127: ❌ | L127: PT. MIS - 5 - 500 | M127: PT. MIS / 5 / 500 | N127: PT. MADINRA INTI SAWIT | O127: 46328 | P127: 46064 | Q127: ❌ | R127: 13170 | S127: 13170 | T127: ✅ | U127: 3690 | V127: 3690 | W127: ✅ | X127: 9480 | Y127: 9480 | Z127: ✅ | AA127: 0 | AB127: 9510 | AC127: 9510 | AD127: ✅ | AE127: 0 | AF127: 0.73055556 | AG127: 0.73055556 | AH127: ✅ | AI127: 0.76805556 | AJ127: 0.76805556 | AK127: ✅ | AL127: Datu | AM127: Datu | AN127: ✅ | AO127: CPO000064MIS | AQ127: 6 Roda | AR127: Pomala
A128: 109 | B128: 65 | C128: Seri+Kontrak | D128: ✅ Semua Cocok | F128: DN 8492 CU | G128: DN 8492 CU | H128: ✅ | I128: 215/PJB/MIS-WINS/X/2025 | J128: 215/PJB/MIS-WINS/X/2025 | K128: ✅ | L128: PT MIS - 1- 500 | M128: PT. MIS / 1 / 500 | N128: PT. MADINRA INTI SAWIT | O128: 45964 | P128: 45964 | Q128: ✅ | R128: 13600 | S128: 13600 | T128: ✅ | U128: 4020 | V128: 4020 | W128: ✅ | X128: 9580 | Y128: 9580 | Z128: ✅ | AA128: 0 | AB128: 9550 | AC128: 9550 | AD128: ✅ | AE128: 0 | AF128: 0.91805556 | AG128: 0.91805556 | AH128: ✅ | AI128: 0.96944444 | AJ128: 0.96944444 | AK128: ✅ | AL128: samsira | AM128: samsira | AN128: ✅ | AO128: CPO000065MIS | AQ128: 6 Roda | AR128: Pomala
A129: 110 | B129: 65 | C129: Seri saja | D129: ❌ Ada Perbedaan | F129: DP 8821 GL | G129: DP 8821 GL | H129: ✅ | J129: 027/PJB/MIS-WINS/I/2026 | K129: ❌ | L129: PT. MIS - 5 - 500 | M129: PT. MIS / 5 / 500 | N129: PT. MADINRA INTI SAWIT | O129: 46328 | P129: 46064 | Q129: ❌ | R129: 13270 | S129: 13270 | T129: ✅ | U129: 3800 | V129: 3800 | W129: ✅ | X129: 9470 | Y129: 9470 | Z129: ✅ | AA129: 0 | AB129: 9490 | AC129: 9490 | AD129: ✅ | AE129: 0 | AF129: 0.73263889 | AG129: 0.73263889 | AH129: ✅ | AI129: 0.76666667 | AJ129: 0.76666667 | AK129: ✅ | AL129: Datu | AM129: Datu | AN129: ✅ | AO129: CPO000065MIS | AQ129: 6 Roda | AR129: Pomala
A130: 111 | B130: 66 | C130: Seri+Kontrak | D130: ✅ Semua Cocok | F130: DP 9826 GA | G130: DP 9826 GA | H130: ✅ | I130: 215/PJB/MIS-WINS/X/2025 | J130: 215/PJB/MIS-WINS/X/2025 | K130: ✅ | L130: PT MIS - 1- 500 | M130: PT. MIS / 1 / 500 | N130: PT. MADINRA INTI SAWIT | O130: 45964 | P130: 45964 | Q130: ✅ | R130: 13910 | S130: 13910 | T130: ✅ | U130: 4060 | V130: 4060 | W130: ✅ | X130: 9850 | Y130: 9850 | Z130: ✅ | AA130: 0 | AB130: 9840 | AC130: 9840 | AD130: ✅ | AE130: 0 | AF130: 0.91944444 | AG130: 0.91944444 | AH130: ✅ | AI130: 0.98263889 | AJ130: 0.98263889 | AK130: ✅ | AL130: samsira | AM130: samsira | AN130: ✅ | AO130: CPO000066MIS | AQ130: 6 Roda | AR130: Pomala
A131: 112 | B131: 66 | C131: Seri saja | D131: ❌ Ada Perbedaan | F131: DD 8711 XX | G131: DD 8711 XX | H131: ✅ | J131: 0095/R2/HO-PALM/CPO-L/I/2026 | K131: ❌ | L131: PT.PN - 5-1.000 | M131: PT. PN / 5 / 1.000 | N131: PT. PERKEBUNAN NUSANTARA | O131: 46328 | P131: 46064 | Q131: ❌ | R131: 24940 | S131: 24940 | T131: ✅ | U131: 10670 | V131: 10670 | W131: ✅ | X131: 14270 | Y131: 14270 | Z131: ✅ | AA131: 0 | AB131: 14280 | AC131: 14280 | AD131: ✅ | AE131: 0 | AF131: 0.77291667 | AG131: 0.77291667 | AH131: ✅ | AI131: 0.80763889 | AJ131: 0.80763889 | AK131: ✅ | AL131: Datu | AM131: Datu | AN131: ✅ | AO131: CPO000066PN | AP131: RONI RAKAN | AQ131: 10 Roda | AR131: Burau
A132: 113 | B132: 67 | C132: Seri+Kontrak | D132: ✅ Semua Cocok | F132: DP 8928 GM | G132: DP 8928 GM | H132: ✅ | I132: 215/PJB/MIS-WINS/X/2025 | J132: 215/PJB/MIS-WINS/X/2025 | K132: ✅ | L132: PT MIS - 1- 500 | M132: PT. MIS / 1 / 500 | N132: PT. MADINRA INTI SAWIT | O132: 45964 | P132: 45964 | Q132: ✅ | R132: 13850 | S132: 13850 | T132: ✅ | U132: 3790 | V132: 3790 | W132: ✅ | X132: 10060 | Y132: 10060 | Z132: ✅ | AA132: 0 | AB132: 10010 | AC132: 10010 | AD132: ✅ | AE132: 0 | AF132: 0.92013889 | AG132: 0.92013889 | AH132: ✅ | AI132: 0.99375 | AJ132: 0.99375 | AK132: ✅ | AL132: samsira | AM132: samsira | AN132: ✅ | AO132: CPO000067MIS | AQ132: 6 Roda | AR132: Pomala
A133: 114 | B133: 67 | C133: Seri saja | D133: ❌ Ada Perbedaan | F133: DD 9236 XX | G133: DD 9236 XX | H133: ✅ | J133: 0095/R2/HO-PALM/CPO-L/I/2026 | K133: ❌ | L133: PT.PN - 5-1.000 | M133: PT. PN / 5 / 1.000 | N133: PT. PERKEBUNAN NUSANTARA | O133: 46328 | P133: 46064 | Q133: ❌ | R133: 45760 | S133: 45760 | T133: ✅ | U133: 17470 | V133: 17470 | W133: ✅ | X133: 28290 | Y133: 28290 | Z133: ✅ | AA133: 0 | AB133: 28300 | AC133: 28300 | AD133: ✅ | AE133: 0 | AF133: 0.81319444 | AG133: 0.81319444 | AH133: ✅ | AI133: 0.85625 | AJ133: 0.85625 | AK133: ✅ | AL133: Datu | AM133: Datu | AN133: ✅ | AO133: CPO000067PN | AP133: IBRAHIM | AQ133: 12 Roda | AR133: Burau
A134: 115 | B134: 68 | C134: Seri+Kontrak | D134: ✅ Semua Cocok | F134: DP 9846 GA | G134: DP 9846 GA | H134: ✅ | I134: 215/PJB/MIS-WINS/X/2025 | J134: 215/PJB/MIS-WINS/X/2025 | K134: ✅ | L134: PT MIS - 1- 500 | M134: PT. MIS / 1 / 500 | N134: PT. MADINRA INTI SAWIT | O134: 45965 | P134: 45965 | Q134: ✅ | R134: 13260 | S134: 13260 | T134: ✅ | U134: 3670 | V134: 3670 | W134: ✅ | X134: 9590 | Y134: 9590 | Z134: ✅ | AA134: 0 | AB134: 9540 | AC134: 9540 | AD134: ✅ | AE134: 0 | AF134: 0.38472222 | AG134: 0.38472222 | AH134: ✅ | AI134: 0.41527778 | AJ134: 0.41527778 | AK134: ✅ | AL134: samsira | AM134: samsira | AN134: ✅ | AO134: CPO000068MIS | AQ134: 6 Roda | AR134: Pomala
A135: 116 | B135: 68 | C135: Seri saja | D135: ❌ Ada Perbedaan | F135: BM 8315 QO | G135: BM 8315 QO | H135: ✅ | J135: 0095/R2/HO-PALM/CPO-L/I/2026 | K135: ❌ | L135: PT.PN - 5-1.000 | M135: PT. PN / 5 / 1.000 | N135: PT. PERKEBUNAN NUSANTARA | O135: 46328 | P135: 46064 | Q135: ❌ | R135: 45640 | S135: 45640 | T135: ✅ | U135: 17320 | V135: 17320 | W135: ✅ | X135: 28320 | Y135: 28320 | Z135: ✅ | AA135: 0 | AB135: 28380 | AC135: 28380 | AD135: ✅ | AE135: 0 | AF135: 0.82083333 | AG135: 0.82083333 | AH135: ✅ | AI135: 0.86458333 | AJ135: 0.86458333 | AK135: ✅ | AL135: Datu | AM135: Datu | AN135: ✅ | AO135: CPO000068PN | AP135: IQBAL | AQ135: 12 Roda | AR135: Burau
A136: 117 | B136: 69 | C136: Seri+Kontrak | D136: ✅ Semua Cocok | F136: DD 8671 YD | G136: DD 8671 YD | H136: ✅ | I136: 215/PJB/MIS-WINS/X/2025 | J136: 215/PJB/MIS-WINS/X/2025 | K136: ✅ | L136: PT MIS - 1- 500 | M136: PT. MIS / 1 / 500 | N136: PT. MADINRA INTI SAWIT | O136: 45965 | P136: 45965 | Q136: ✅ | R136: 14340 | S136: 14340 | T136: ✅ | U136: 4660 | V136: 4660 | W136: ✅ | X136: 9680 | Y136: 9680 | Z136: ✅ | AA136: 0 | AB136: 9640 | AC136: 9640 | AD136: ✅ | AE136: 0 | AF136: 0.40416667 | AG136: 0.40416667 | AH136: ✅ | AI136: 0.44375 | AJ136: 0.44375 | AK136: ✅ | AL136: samsira | AM136: samsira | AN136: ✅ | AO136: CPO000069MIS | AQ136: 6 Roda | AR136: Pomala
A137: 118 | B137: 69 | C137: Seri saja | D137: ❌ Ada Perbedaan | F137: DD 8574 YE | G137: DD 8574 YE | H137: ✅ | J137: 027/PJB/MIS-WINS/I/2026 | K137: ❌ | L137: PT. MIS - 5 - 500 | M137: PT. MIS / 5 / 500 | N137: PT. MADINRA INTI SAWIT | O137: 46328 | P137: 46064 | Q137: ❌ | R137: 13500 | S137: 13500 | T137: ✅ | U137: 3970 | V137: 3970 | W137: ✅ | X137: 9530 | Y137: 9530 | Z137: ✅ | AA137: 0 | AB137: 9530 | AC137: 9530 | AD137: ✅ | AE137: 0 | AF137: 0.91944444 | AG137: 0.91944444 | AH137: ✅ | AI137: 0.96597222 | AJ137: 0.96597222 | AK137: ✅ | AL137: Datu | AM137: Datu | AN137: ✅ | AO137: CPO000069MIS | AQ137: 6 Roda | AR137: Pomala
A138: 119 | B138: 70 | C138: Seri+Kontrak | D138: ✅ Semua Cocok | F138: DN 8813 EB | G138: DN 8813 EB | H138: ✅ | I138: 215/PJB/MIS-WINS/X/2025 | J138: 215/PJB/MIS-WINS/X/2025 | K138: ✅ | L138: PT MIS - 1- 500 | M138: PT. MIS / 1 / 500 | N138: PT. MADINRA INTI SAWIT | O138: 45965 | P138: 45965 | Q138: ✅ | R138: 13760 | S138: 13760 | T138: ✅ | U138: 4050 | V138: 4050 | W138: ✅ | X138: 9710 | Y138: 9710 | Z138: ✅ | AA138: 0 | AB138: 9650 | AC138: 9650 | AD138: ✅ | AE138: 0 | AF138: 0.40486111 | AG138: 0.40486111 | AH138: ✅ | AI138: 0.44444444 | AJ138: 0.44444444 | AK138: ✅ | AL138: samsira | AM138: samsira | AN138: ✅ | AO138: CPO000070MIS | AQ138: 6 Roda | AR138: Pomala
A139: 120 | B139: 70 | C139: Seri saja | D139: ❌ Ada Perbedaan | F139: DP 8928 GM | G139: DP 8928 GM | H139: ✅ | J139: 027/PJB/MIS-WINS/I/2026 | K139: ❌ | L139: PT. MIS - 5 - 500 | M139: PT. MIS / 5 / 500 | N139: PT. MADINRA INTI SAWIT | O139: 46328 | P139: 46064 | Q139: ❌ | R139: 13900 | S139: 13900 | T139: ✅ | U139: 3920 | V139: 3920 | W139: ✅ | X139: 9980 | Y139: 9980 | Z139: ✅ | AA139: 0 | AB139: 9970 | AC139: 9970 | AD139: ✅ | AE139: 0 | AF139: 0.92013889 | AG139: 0.92013889 | AH139: ✅ | AI139: 0.95625 | AJ139: 0.95625 | AK139: ✅ | AL139: Datu | AM139: Datu | AN139: ✅ | AO139: CPO000070MIS | AQ139: 6 Roda | AR139: Pomala
A140: 121 | B140: 71 | C140: Seri+Kontrak | D140: ✅ Semua Cocok | F140: DP 8994 GH | G140: DP 8994 GH | H140: ✅ | I140: 215/PJB/MIS-WINS/X/2025 | J140: 215/PJB/MIS-WINS/X/2025 | K140: ✅ | L140: PT MIS - 1- 500 | M140: PT. MIS / 1 / 500 | N140: PT. MADINRA INTI SAWIT | O140: 45965 | P140: 45965 | Q140: ✅ | R140: 13570 | S140: 13570 | T140: ✅ | U140: 3910 | V140: 3910 | W140: ✅ | X140: 9660 | Y140: 9660 | Z140: ✅ | AA140: 0 | AB140: 9640 | AC140: 9640 | AD140: ✅ | AE140: 0 | AF140: 0.72916667 | AG140: 0.72916667 | AH140: ✅ | AI140: 0.76041667 | AJ140: 0.76041667 | AK140: ✅ | AL140: samsira | AM140: samsira | AN140: ✅ | AO140: CPO000071MIS | AQ140: 6 Roda | AR140: Pomala
A141: 122 | B141: 71 | C141: Seri saja | D141: ❌ Ada Perbedaan | F141: DP 8446 GC | G141: DP 8446 GC | H141: ✅ | J141: 027/PJB/MIS-WINS/I/2026 | K141: ❌ | L141: PT. MIS - 5 - 500 | M141: PT. MIS / 5 / 500 | N141: PT. MADINRA INTI SAWIT | O141: 46328 | P141: 46064 | Q141: ❌ | R141: 13390 | S141: 13390 | T141: ✅ | U141: 3950 | V141: 3950 | W141: ✅ | X141: 9440 | Y141: 9440 | Z141: ✅ | AA141: 0 | AB141: 9450 | AC141: 9450 | AD141: ✅ | AE141: 0 | AF141: 0.92083333 | AG141: 0.92083333 | AH141: ✅ | AI141: 0.97222222 | AJ141: 0.97222222 | AK141: ✅ | AL141: Datu | AM141: Datu | AN141: ✅ | AO141: CPO000071MIS | AQ141: 6 Roda | AR141: Pomala
A142: 123 | B142: 72 | C142: Seri+Kontrak | D142: ✅ Semua Cocok | F142: DP 9859 GA | G142: DP 9859 GA | H142: ✅ | I142: 215/PJB/MIS-WINS/X/2025 | J142: 215/PJB/MIS-WINS/X/2025 | K142: ✅ | L142: PT MIS - 1- 500 | M142: PT. MIS / 1 / 500 | N142: PT. MADINRA INTI SAWIT | O142: 45965 | P142: 45965 | Q142: ✅ | R142: 14230 | S142: 14230 | T142: ✅ | U142: 4170 | V142: 4170 | W142: ✅ | X142: 10060 | Y142: 10060 | Z142: ✅ | AA142: 0 | AB142: 10030 | AC142: 10030 | AD142: ✅ | AE142: 0 | AF142: 0.72986111 | AG142: 0.72986111 | AH142: ✅ | AI142: 0.76180556 | AJ142: 0.76180556 | AK142: ✅ | AL142: samsira | AM142: samsira | AN142: ✅ | AO142: CPO000072MIS | AQ142: 6 Roda | AR142: Pomala
A143: 124 | B143: 72 | C143: Seri saja | D143: ❌ Ada Perbedaan | F143: DP 8662 GH | G143: DP 8662 GH | H143: ✅ | J143: 027/PJB/MIS-WINS/I/2026 | K143: ❌ | L143: PT. MIS - 5 - 500 | M143: PT. MIS / 5 / 500 | N143: PT. MADINRA INTI SAWIT | O143: 46328 | P143: 46064 | Q143: ❌ | R143: 13940 | S143: 13940 | T143: ✅ | U143: 4010 | V143: 4010 | W143: ✅ | X143: 9930 | Y143: 9930 | Z143: ✅ | AA143: 0 | AB143: 10030 | AC143: 10030 | AD143: ✅ | AE143: 0 | AF143: 0.92847222 | AG143: 0.92847222 | AH143: ✅ | AI143: 0.97083333 | AJ143: 0.97083333 | AK143: ✅ | AL143: Datu | AM143: Datu | AN143: ✅ | AO143: CPO000072MIS | AQ143: 6 Roda | AR143: Pomala
A144: 125 | B144: 73 | C144: Seri+Kontrak | D144: ❌ Ada Perbedaan | F144: DP 8606 GE | G144: DP 8606 GE | H144: ✅ | I144: 215/PJB/MIS-WINS/X/2025 | J144: 215/PJB/MIS-WINS/X/2025 | K144: ✅ | L144: PT MIS - 1- 500 | M144: PT. MIS / 1 / 500 | N144: PT. MADINRA INTI SAWIT | O144: 45966 | P144: 45966 | Q144: ✅ | R144: 13910 | S144: 13910 | T144: ✅ | U144: 4030 | V144: 4030 | W144: ✅ | X144: 9880 | Y144: 9880 | Z144: ✅ | AA144: 0 | AB144: 9860 | AC144: 9860 | AD144: ✅ | AE144: 0 | AF144: 0.70625 | AG144: 0.70625 | AH144: ✅ | AI144: 0.73819444 | AJ144: 0.73819444 | AK144: ❌ | AL144: samsira | AM144: samsira | AN144: ✅ | AO144: CPO000073MIS | AQ144: 6 Roda | AR144: Pomala
A145: 126 | B145: 73 | C145: Seri saja | D145: ❌ Ada Perbedaan | F145: DP 8110 GK | G145: DP 8110 GK | H145: ✅ | J145: 027/PJB/MIS-WINS/I/2026 | K145: ❌ | L145: PT. MIS - 5 - 500 | M145: PT. MIS / 5 / 500 | N145: PT. MADINRA INTI SAWIT | O145: 46328 | P145: 46064 | Q145: ❌ | R145: 14040 | S145: 14040 | T145: ✅ | U145: 4200 | V145: 4200 | W145: ✅ | X145: 9840 | Y145: 9840 | Z145: ✅ | AA145: 0 | AB145: 9920 | AC145: 9920 | AD145: ✅ | AE145: 0 | AF145: 0.95833333 | AG145: 0.95833333 | AH145: ✅ | AI145: 0.99166667 | AJ145: 0.99166667 | AK145: ✅ | AL145: Datu | AM145: Datu | AN145: ✅ | AO145: CPO000073MIS | AQ145: 6 Roda | AR145: Pomala
...

Sheet Database
N2: =MAX(N4:N1238) -> 28960
B3: Jumlah | C3: No. Seri | D3: No Seri Relasi | E3: No. Polisi | F3: No Kontrak | G3: DO | H3: Relasi | I3: Produk | J3: Truck | K3: Tanggal Masuk | L3: Berat Masuk | M3: Berat Keluar | N3: Berat Netto PT WINS | O3: Berat Relasi | P3: Jam Masuk | Q3: Jam Keluar | R3: Penimbang | S3: Driver | T3: Distance (Km) | U3: Transportir | V3: Lokasi pengiriman | W3: Column3 | Y3: Relasi | Z3: Lokasi | AA3: Transportir | AK3: Nama Relasi | AL3: Kode | AM3: Nama Relasi | AN3: Kode Suffix | AO3: Lokasi pengiriman/Pengantaran | AP3: Distance (Km) | AQ3: Produk | AR3: Jarak PP (Km) | AS3: 6 Roda | AT3: 10 Roda | AU3: 12 Roda | AX3: liter/PP
Y4: PT JAS MULIA | Z4: Makassar | AA4: CV WIL/CV Lingkar | AD4: B 1918 SXX | AE4: Waldi | AF4: Mercy | AG4: 10 | AM4: PT. MADINRA INTI SAWIT | AN4: MIS | AO4: Pomala | AP4: 494 | AQ4: CPO | AR4: =AP4*2 -> 988 | AS4: 800 | AT4: 800 | AU4: 800
Y5: PT KASMAR MATANO PERSADA | Z5: Palu | AA5: BJL | AB5: 223 | AD5: DD 8711 XX | AE5: Roni Rakan | AF5: Mercy | AG5: 10 | AM5: PT. WIJAYA NUSANTARA ENERGI | AN5: WNE | AQ5: B-40
Y6: PT MADINRA INTI SAWIT | Z6: Bone Bone | AA6: CV WIL | AB6: 70 | AD6: BM 8315 QO | AE6: Iqbal | AF6: Howo | AG6: 12 | AM6: PT. JAS MULIA | AN6: JAS | AO6: Bone Bone | AP6: 68 | AQ6: CPO | AR6: =AP6*2 -> 136 | AS6: 120 | AT6: 120 | AU6: 120 | AX6: 60 | AY6: 12 Roda | AZ6: 50 | BA6: 10 roda
Y7: PT PERKEBUNAN NUSANTARA | Z7: Masamba | AA7: CV WIL | AB7: 54 | AD7: DD 9236 XX | AE7: Ibrahim | AF7: Howo | AG7: 12 | AM7: PT. KASMAR MATANO PERSADA | AN7: KMP | AO7: Masamba | AP7: 53 | AQ7: CPO | AR7: =AP7*2 -> 106 | AS7: 110 | AT7: 110 | AU7: 110 | AX7: 50 | AY7: 12 Roda | AZ7: 45 | BA7: 10 roda
Y8: PT BUKIT JEJER LESTARI | Z8: Pomala | AA8: CV Lingkar | AB8: 218 | AD8: BH 8459 MY | AE8: Hamsal | AF8: Mercy | AG8: 10 | AM8: PT. PERKEBUNAN NUSANTARA | AN8: PN | AO8: Burau | AP8: 99 | AQ8: CPO | AR8: =AP8*2 -> 198 | AS8: 140 | AT8: 140 | AU8: 140 | AX8: 75 | AY8: 12 Roda | AZ8: 70 | BA8: 10 roda
B9: 1 | C9: 000018 | D9: =I9&C9&_xlfn.XLOOKUP(H9,$AM$4:$AM$26,$AN$4:$AN$26,"") -> CPO000018KMP | E9: WNE 01 | F9: KMP01092025 | G9: PT. KMP / 1 / 500 | H9: PT. KASMAR MATANO PERSADA | I9: CPO | J9: =IF(MIN(L9,M9)<=5000,"6 Roda",IF(MIN(L9,M9)<=13800,"10 Roda","12 Roda")) -> 10 Roda | K9: 45930 | L9: 25000 | M9: 10740 | N9: 14260 | O9: 14360 | P9: 0.11944444 | Q9: 0.6125 | R9: samsira | S9: RONI RAKAN | T9: =IFERROR(_xlfn.XLOOKUP(H9,$AM$4:$AM$18,$AP$4:$AP$18,""),0) -> 53 | U9: WIL | V9: =IFERROR(_xlfn.XLOOKUP(H9,$AM$4:$AM$18,$AO$4:$AO$18,""),"") -> Masamba | Y9: PT WIJAYA NUSANTARA ENERGI | Z9: Burau | AA9: CV WIL | AB9: 99 | AD9: WNE 01 | AE9: Roni Rakan | AF9: Mercy | AG9: 10 | AM9: PT. BUKIT JEJER LESTARI | AN9: BJL | AO9: Palu | AP9: 562 | AQ9: RBDPL | AR9: =AP9*2 -> 1124 | AS9: 1200 | AT9: 1200 | AU9: 1200
B10: 1 | C10: 000019 | D10: =I10&C10&_xlfn.XLOOKUP(H10,$AM$4:$AM$26,$AN$4:$AN$26,"") -> CPO000019KMP | E10: WNE 06 | F10: KMP01092025 | G10: PT. KMP / 1 / 500 | H10: PT. KASMAR MATANO PERSADA | I10: CPO | J10: =IF(MIN(L10,M10)<=5000,"6 Roda",IF(MIN(L10,M10)<=13800,"10 Roda","12 Roda")) -> 12 Roda | K10: 45930 | L10: 45770 | M10: 17820 | N10: 27950 | O10: 28420 | P10: 0.45138889 | Q10: 0.55138889 | R10: samsira | S10: IBRAHIM | T10: =IFERROR(_xlfn.XLOOKUP(H10,$AM$4:$AM$18,$AP$4:$AP$18,""),0) -> 53 | U10: WIL | V10: =IFERROR(_xlfn.XLOOKUP(H10,$AM$4:$AM$18,$AO$4:$AO$18,""),"") -> Masamba | Y10: PT WISAN PETRO ENERGI | Z10: Makassar | AD10: WNE 02 | AE10: Waldi | AF10: Mercy | AG10: 10 | AM10: PT. WISAN PETRO ENERGI | AN10: WPE | AQ10: B-40
B11: 1 | C11: 000020 | D11: =I11&C11&_xlfn.XLOOKUP(H11,$AM$4:$AM$26,$AN$4:$AN$26,"") -> CPO000020KMP | E11: WNE 05 | F11: KMP01092025 | G11: PT. KMP / 1 / 500 | H11: PT. KASMAR MATANO PERSADA | I11: CPO | J11: =IF(MIN(L11,M11)<=5000,"6 Roda",IF(MIN(L11,M11)<=13800,"10 Roda","12 Roda")) -> 12 Roda | K11: 45930 | L11: 45930 | M11: 18580 | N11: 27350 | O11: 28520 | P11: 0.45625 | Q11: 0.64027778 | R11: samsira | S11: IQBAL | T11: =IFERROR(_xlfn.XLOOKUP(H11,$AM$4:$AM$18,$AP$4:$AP$18,""),0) -> 53 | U11: WIL | V11: =IFERROR(_xlfn.XLOOKUP(H11,$AM$4:$AM$18,$AO$4:$AO$18,""),"") -> Masamba | Y11: PT MADU LINGGA RAHARJA | AD11: WNE 03 | AE11: Hamsal | AF11: Mercy | AG11: 10 | AM11: PT. MADU LINGGA RAHARJA | AN11: MLR | AQ11: CPO
B12: 1 | C12: 000021 | D12: =I12&C12&_xlfn.XLOOKUP(H12,$AM$4:$AM$26,$AN$4:$AN$26,"") -> CPO000021KMP | E12: WNE 03 | F12: KMP01092025 | G12: PT. KMP / 1 / 500 | H12: PT. KASMAR MATANO PERSADA | I12: CPO | J12: =IF(MIN(L12,M12)<=5000,"6 Roda",IF(MIN(L12,M12)<=13800,"10 Roda","12 Roda")) -> 10 Roda | K12: 45930 | L12: 26780 | M12: 12170 | N12: 14610 | O12: 14720 | P12: 0.45972222 | Q12: 0.55 | R12: samsira | S12: ERWIN | T12: =IFERROR(_xlfn.XLOOKUP(H12,$AM$4:$AM$18,$AP$4:$AP$18,""),0) -> 53 | U12: WIL | V12: =IFERROR(_xlfn.XLOOKUP(H12,$AM$4:$AM$18,$AO$4:$AO$18,""),"") -> Masamba | Y12: CV HALILINTAR SAKTI ABADI | AD12: WNE 05 | AE12: Iqbal | AF12: Howo | AG12: 12 | AM12: CV. HALILINTAR SAKTI ABADI | AN12: HSA | AO12: Makassar | AP12: 360 | AQ12: RBDPL | AR12: =AP12*2 -> 720 | AS12: 475 | AT12: 475 | AU12: 475 | AX12: 300 | AY12: 12 Roda | AZ12: 280 | BA12: 10 roda
B13: 1 | C13: 000022 | D13: =I13&C13&_xlfn.XLOOKUP(H13,$AM$4:$AM$26,$AN$4:$AN$26,"") -> CPO000022KMP | E13: WNE 01 | F13: KMP01092025 | G13: PT. KMP / 1 / 500 | H13: PT. KASMAR MATANO PERSADA | I13: CPO | J13: =IF(MIN(L13,M13)<=5000,"6 Roda",IF(MIN(L13,M13)<=13800,"10 Roda","12 Roda")) -> 10 Roda | K13: 45930 | L13: 24870 | M13: 10660 | N13: 14210 | O13: 14200 | P13: 0.86944444 | Q13: 0.94236111 | R13: samsira | S13: RONI RAKAN | T13: =IFERROR(_xlfn.XLOOKUP(H13,$AM$4:$AM$18,$AP$4:$AP$18,""),0) -> 53 | U13: WIL | V13: =IFERROR(_xlfn.XLOOKUP(H13,$AM$4:$AM$18,$AO$4:$AO$18,""),"") -> Masamba | Y13: CV SURYA CAHAYA MAS | AD13: WNE 06 | AE13: Ibrahim | AF13: Howo | AG13: 12 | AM13: CV. SURYA CAHAYA MAS | AN13: SCM | AO13: Gowa | AP13: 400 | AQ13: RBDPL | AR13: =AP13*2 -> 800 | AS13: 475 | AT13: 475 | AU13: 475 | AX13: 320 | AY13: 12 Roda | AZ13: 300 | BA13: 10 roda
B14: 1 | C14: 000024 | D14: =I14&C14&_xlfn.XLOOKUP(H14,$AM$4:$AM$26,$AN$4:$AN$26,"") -> CPO000024KMP | E14: WNE 06 | F14: KMP01092025 | G14: PT. KMP / 1 / 500 | H14: PT. KASMAR MATANO PERSADA | I14: CPO | J14: =IF(MIN(L14,M14)<=5000,"6 Roda",IF(MIN(L14,M14)<=13800,"10 Roda","12 Roda")) -> 12 Roda | K14: 45930 | L14: 45770 | M14: 17500 | N14: 28270 | O14: 28080 | P14: 0.87291667 | Q14: 0.95 | R14: samsira | S14: IBRAHIM | T14: =IFERROR(_xlfn.XLOOKUP(H14,$AM$4:$AM$18,$AP$4:$AP$18,""),0) -> 53 | U14: WIL | V14: =IFERROR(_xlfn.XLOOKUP(H14,$AM$4:$AM$18,$AO$4:$AO$18,""),"") -> Masamba | Y14: CV DUTA ABADI | AM14: CV. DUTA ABADI | AN14: DA | AO14: Makassar | AP14: 360 | AQ14: RBDPL | AR14: =AP14*2 -> 720 | AS14: 475 | AT14: 475 | AU14: 475 | AX14: 300 | AY14: 12 Roda | AZ14: 280 | BA14: 10 roda
B15: 1 | C15: 000023 | D15: =I15&C15&_xlfn.XLOOKUP(H15,$AM$4:$AM$26,$AN$4:$AN$26,"") -> CPO000023KMP | E15: WNE 03 | F15: KMP01092025 | G15: PT. KMP / 1 / 500 | H15: PT. KASMAR MATANO PERSADA | I15: CPO | J15: =IF(MIN(L15,M15)<=5000,"6 Roda",IF(MIN(L15,M15)<=13800,"10 Roda","12 Roda")) -> 10 Roda | K15: 45931 | L15: 26650 | M15: 12110 | N15: 14540 | O15: 14540 | P15: 0.87013889 | Q15: 0.0076388889 | R15: samsira | S15: ERWIN | T15: =IFERROR(_xlfn.XLOOKUP(H15,$AM$4:$AM$18,$AP$4:$AP$18,""),0) -> 53 | U15: WIL | V15: =IFERROR(_xlfn.XLOOKUP(H15,$AM$4:$AM$18,$AO$4:$AO$18,""),"") -> Masamba | Y15: PT GRAHA MINING UTAMA | AM15: PT. WIJAYA INTI NUSANTARA | AN15: WIN | AO15: Torobulu | AP15: 642 | AQ15: RBDPL | AR15: =AP15*2 -> 1284 | AS15: 1500 | AT15: 1500 | AU15: 1500 | AX15: 750 | AY15: 12 Roda | AZ15: 640 | BA15: 10 roda
B16: 1 | C16: 000025 | D16: =I16&C16&_xlfn.XLOOKUP(H16,$AM$4:$AM$26,$AN$4:$AN$26,"") -> CPO000025KMP | E16: WNE 05 | F16: KMP01092025 | G16: PT. KMP / 1 / 500 | H16: PT. KASMAR MATANO PERSADA | I16: CPO | J16: =IF(MIN(L16,M16)<=5000,"6 Roda",IF(MIN(L16,M16)<=13800,"10 Roda","12 Roda")) -> 12 Roda | K16: 45931 | L16: 45650 | M16: 17580 | N16: 28070 | O16: 27180 | P16: 0.89930556 | Q16: 0.015972222 | R16: samsira | S16: IQBAL | T16: =IFERROR(_xlfn.XLOOKUP(H16,$AM$4:$AM$18,$AP$4:$AP$18,""),0) -> 53 | U16: WIL | V16: =IFERROR(_xlfn.XLOOKUP(H16,$AM$4:$AM$18,$AO$4:$AO$18,""),"") -> Masamba | Y16: PT WIJAYA INTI NUSANTARA | AM16: PT. TRI DAYA JAYA | AN16: TDJ | AO16: Siumbatu | AP16: 473 | AQ16: RBDPL | AR16: =AP16*2 -> 946 | AS16: 1000 | AT16: 1000 | AU16: 1000 | AX16: 400 | AY16: 12 Roda | AZ16: 360 | BA16: 10 roda
B17: 1 | C17: 000026 | D17: =I17&C17&_xlfn.XLOOKUP(H17,$AM$4:$AM$26,$AN$4:$AN$26,"") -> CPO000026KMP | E17: WNE 03 | F17: KMP01092025 | G17: PT. KMP / 1 / 500 | H17: PT. KASMAR MATANO PERSADA | I17: CPO | J17: =IF(MIN(L17,M17)<=5000,"6 Roda",IF(MIN(L17,M17)<=13800,"10 Roda","12 Roda")) -> 10 Roda | K17: 45931 | L17: 26600 | M17: 12030 | N17: 14570 | O17: 14560 | P17: 0.54930556 | Q17: 0.60208333 | R17: samsira | S17: ERWIN | T17: =IFERROR(_xlfn.XLOOKUP(H17,$AM$4:$AM$18,$AP$4:$AP$18,""),0) -> 53 | U17: WIL | V17: =IFERROR(_xlfn.XLOOKUP(H17,$AM$4:$AM$18,$AO$4:$AO$18,""),"") -> Masamba | AM17: PT. PANDU URANE PERKASA | AN17: PUP | AO17: Torobulu | AP17: 642 | AQ17: RBDPL | AR17: =AP17*2 -> 1284 | AS17: 1500 | AT17: 1500 | AU17: 1500 | AX17: 750 | AY17: 12 Roda | AZ17: 640 | BA17: 10 roda
B18: 1 | C18: 000027 | D18: =I18&C18&_xlfn.XLOOKUP(H18,$AM$4:$AM$26,$AN$4:$AN$26,"") -> CPO000027KMP | E18: WNE 05 | F18: KMP01092025 | G18: PT. KMP / 1 / 500 | H18: PT. KASMAR MATANO PERSADA | I18: CPO | J18: =IF(MIN(L18,M18)<=5000,"6 Roda",IF(MIN(L18,M18)<=13800,"10 Roda","12 Roda")) -> 12 Roda | K18: 45931 | L18: 45720 | M18: 17500 | N18: 28220 | O18: 28240 | P18: 0.55138889 | Q18: 0.625 | R18: samsira | S18: IQBAL | T18: =IFERROR(_xlfn.XLOOKUP(H18,$AM$4:$AM$18,$AP$4:$AP$18,""),0) -> 53 | U18: WIL | V18: =IFERROR(_xlfn.XLOOKUP(H18,$AM$4:$AM$18,$AO$4:$AO$18,""),"") -> Masamba | AM18: CV. NUSANTARA DAYA JAYA | AN18: NDJ | AQ18: RBDPL
B19: 1 | C19: 000028 | D19: =I19&C19&_xlfn.XLOOKUP(H19,$AM$4:$AM$26,$AN$4:$AN$26,"") -> CPO000028KMP | E19: WNE 06 | F19: KMP01092025 | G19: PT. KMP / 1 / 500 | H19: PT. KASMAR MATANO PERSADA | I19: CPO | J19: =IF(MIN(L19,M19)<=5000,"6 Roda",IF(MIN(L19,M19)<=13800,"10 Roda","12 Roda")) -> 12 Roda | K19: 45931 | L19: 45660 | M19: 17430 | N19: 28230 | O19: 28260 | P19: 0.55972222 | Q19: 0.7125 | R19: samsira | S19: IBRAHIM | T19: =IFERROR(_xlfn.XLOOKUP(H19,$AM$4:$AM$18,$AP$4:$AP$18,""),0) -> 53 | U19: WIL | V19: =IFERROR(_xlfn.XLOOKUP(H19,$AM$4:$AM$18,$AO$4:$AO$18,""),"") -> Masamba | AM19: PT. BORNEO MITRA SENTOSA | AN19: BMS | AO19: Makassar | AP19: 360 | AQ19: RBDPS
B20: 1 | C20: 000029 | D20: =I20&C20&_xlfn.XLOOKUP(H20,$AM$4:$AM$26,$AN$4:$AN$26,"") -> CPO000029KMP | E20: WNE 01 | F20: KMP01092025 | G20: PT. KMP / 1 / 500 | H20: PT. KASMAR MATANO PERSADA | I20: CPO | J20: =IF(MIN(L20,M20)<=5000,"6 Roda",IF(MIN(L20,M20)<=13800,"10 Roda","12 Roda")) -> 10 Roda | K20: 45931 | L20: 24910 | M20: 10660 | N20: 14250 | O20: 14300 | P20: 0.63194444 | Q20: 0.69166667 | R20: samsira | S20: RONI RAKAN | T20: =IFERROR(_xlfn.XLOOKUP(H20,$AM$4:$AM$18,$AP$4:$AP$18,""),0) -> 53 | U20: WIL | V20: =IFERROR(_xlfn.XLOOKUP(H20,$AM$4:$AM$18,$AO$4:$AO$18,""),"") -> Masamba
B21: 1 | C21: 000030 | D21: =I21&C21&_xlfn.XLOOKUP(H21,$AM$4:$AM$26,$AN$4:$AN$26,"") -> CPO000030KMP | E21: WNE 03 | F21: KMP01092025 | G21: PT. KMP / 1 / 500 | H21: PT. KASMAR MATANO PERSADA | I21: CPO | J21: =IF(MIN(L21,M21)<=5000,"6 Roda",IF(MIN(L21,M21)<=13800,"10 Roda","12 Roda")) -> 10 Roda | K21: 45931 | L21: 26560 | M21: 12010 | N21: 14550 | O21: 14600 | P21: 0.81527778 | Q21: 0.88611111 | R21: samsira | S21: ERWIN | T21: =IFERROR(_xlfn.XLOOKUP(H21,$AM$4:$AM$18,$AP$4:$AP$18,""),0) -> 53 | U21: WIL | V21: =IFERROR(_xlfn.XLOOKUP(H21,$AM$4:$AM$18,$AO$4:$AO$18,""),"") -> Masamba
B22: 1 | C22: 000031 | D22: =I22&C22&_xlfn.XLOOKUP(H22,$AM$4:$AM$26,$AN$4:$AN$26,"") -> CPO000031KMP | E22: WNE 05 | F22: KMP01092025 | G22: PT. KMP / 1 / 500 | H22: PT. KASMAR MATANO PERSADA | I22: CPO | J22: =IF(MIN(L22,M22)<=5000,"6 Roda",IF(MIN(L22,M22)<=13800,"10 Roda","12 Roda")) -> 12 Roda | K22: 45931 | L22: 45560 | M22: 17480 | N22: 28080 | O22: 28140 | P22: 0.81666667 | Q22: 0.88958333 | R22: samsira | S22: IQBAL | T22: =IFERROR(_xlfn.XLOOKUP(H22,$AM$4:$AM$18,$AP$4:$AP$18,""),0) -> 53 | U22: WIL | V22: =IFERROR(_xlfn.XLOOKUP(H22,$AM$4:$AM$18,$AO$4:$AO$18,""),"") -> Masamba
B23: 1 | C23: 000032 | D23: =I23&C23&_xlfn.XLOOKUP(H23,$AM$4:$AM$26,$AN$4:$AN$26,"") -> CPO000032KMP | E23: WNE 06 | F23: KMP01092025 | G23: PT. KMP / 1 / 500 | H23: PT. KASMAR MATANO PERSADA | I23: CPO | J23: =IF(MIN(L23,M23)<=5000,"6 Roda",IF(MIN(L23,M23)<=13800,"10 Roda","12 Roda")) -> 12 Roda | K23: 45931 | L23: 45700 | M23: 17400 | N23: 28300 | O23: 28360 | P23: 0.87569444 | Q23: 0.97083333 | R23: samsira | S23: IBRAHIM | T23: =IFERROR(_xlfn.XLOOKUP(H23,$AM$4:$AM$18,$AP$4:$AP$18,""),0) -> 53 | U23: WIL | V23: =IFERROR(_xlfn.XLOOKUP(H23,$AM$4:$AM$18,$AO$4:$AO$18,""),"") -> Masamba
B24: 1 | C24: 000033 | D24: =I24&C24&_xlfn.XLOOKUP(H24,$AM$4:$AM$26,$AN$4:$AN$26,"") -> CPO000033KMP | E24: WNE 05 | F24: KMP01092025 | G24: PT. KMP / 1 / 500 | H24: PT. KASMAR MATANO PERSADA | I24: CPO | J24: =IF(MIN(L24,M24)<=5000,"6 Roda",IF(MIN(L24,M24)<=13800,"10 Roda","12 Roda")) -> 12 Roda | K24: 45932 | L24: 45520 | M24: 17410 | N24: 28110 | O24: 28160 | P24: 0.55625 | Q24: 0.63472222 | R24: samsira | S24: IQBAL | T24: =IFERROR(_xlfn.XLOOKUP(H24,$AM$4:$AM$18,$AP$4:$AP$18,""),0) -> 53 | U24: WIL | V24: =IFERROR(_xlfn.XLOOKUP(H24,$AM$4:$AM$18,$AO$4:$AO$18,""),"") -> Masamba
B25: 1 | C25: 000034 | D25: =I25&C25&_xlfn.XLOOKUP(H25,$AM$4:$AM$26,$AN$4:$AN$26,"") -> CPO000034KMP | E25: WNE 06 | F25: KMP01092025 | G25: PT. KMP / 1 / 500 | H25: PT. KASMAR MATANO PERSADA | I25: CPO | J25: =IF(MIN(L25,M25)<=5000,"6 Roda",IF(MIN(L25,M25)<=13800,"10 Roda","12 Roda")) -> 12 Roda | K25: 45932 | L25: 45170 | M25: 17510 | N25: 27660 | O25: 27680 | P25: 0.55902778 | Q25: 0.68125 | R25: samsira | S25: IBRAHIM | T25: =IFERROR(_xlfn.XLOOKUP(H25,$AM$4:$AM$18,$AP$4:$AP$18,""),0) -> 53 | U25: WIL | V25: =IFERROR(_xlfn.XLOOKUP(H25,$AM$4:$AM$18,$AO$4:$AO$18,""),"") -> Masamba
B26: 1 | C26: 000035 | D26: =I26&C26&_xlfn.XLOOKUP(H26,$AM$4:$AM$26,$AN$4:$AN$26,"") -> CPO000035KMP | E26: WNE 02 | F26: KMP01092025 | G26: PT. KMP / 1 / 500 | H26: PT. KASMAR MATANO PERSADA | I26: CPO | J26: =IF(MIN(L26,M26)<=5000,"6 Roda",IF(MIN(L26,M26)<=13800,"10 Roda","12 Roda")) -> 10 Roda | K26: 45932 | L26: 26620 | M26: 11800 | N26: 14820 | O26: 14860 | P26: 0.60347222 | Q26: 0.6875 | R26: samsira | S26: WALDI | T26: =IFERROR(_xlfn.XLOOKUP(H26,$AM$4:$AM$18,$AP$4:$AP$18,""),0) -> 53 | U26: WIL | V26: =IFERROR(_xlfn.XLOOKUP(H26,$AM$4:$AM$18,$AO$4:$AO$18,""),"") -> Masamba
B27: 1 | C27: 000036 | D27: =I27&C27&_xlfn.XLOOKUP(H27,$AM$4:$AM$26,$AN$4:$AN$26,"") -> CPO000036KMP | E27: WNE 03 | F27: KMP01092025 | G27: PT. KMP / 1 / 500 | H27: PT. KASMAR MATANO PERSADA | I27: CPO | J27: =IF(MIN(L27,M27)<=5000,"6 Roda",IF(MIN(L27,M27)<=13800,"10 Roda","12 Roda")) -> 10 Roda | K27: 45932 | L27: 26660 | M27: 12120 | N27: 14540 | O27: 14580 | P27: 0.61041667 | Q27: 0.73402778 | R27: samsira | S27: ERWIN | T27: =IFERROR(_xlfn.XLOOKUP(H27,$AM$4:$AM$18,$AP$4:$AP$18,""),0) -> 53 | U27: WIL | V27: =IFERROR(_xlfn.XLOOKUP(H27,$AM$4:$AM$18,$AO$4:$AO$18,""),"") -> Masamba
B28: 1 | C28: 000037 | D28: =I28&C28&_xlfn.XLOOKUP(H28,$AM$4:$AM$26,$AN$4:$AN$26,"") -> CPO000037KMP | E28: WNE 05 | F28: KMP01092025 | G28: PT. KMP / 1 / 500 | H28: PT. KASMAR MATANO PERSADA | I28: CPO | J28: =IF(MIN(L28,M28)<=5000,"6 Roda",IF(MIN(L28,M28)<=13800,"10 Roda","12 Roda")) -> 12 Roda | K28: 45932 | L28: 45730 | M28: 17580 | N28: 28150 | O28: 28200 | P28: 0.82222222 | Q28: 0.9 | R28: samsira | S28: IQBAL | T28: =IFERROR(_xlfn.XLOOKUP(H28,$AM$4:$AM$18,$AP$4:$AP$18,""),0) -> 53 | U28: WIL | V28: =IFERROR(_xlfn.XLOOKUP(H28,$AM$4:$AM$18,$AO$4:$AO$18,""),"") -> Masamba
B29: 1 | C29: 000038 | D29: =I29&C29&_xlfn.XLOOKUP(H29,$AM$4:$AM$26,$AN$4:$AN$26,"") -> CPO000038KMP | E29: WNE 06 | F29: KMP01092025 | G29: PT. KMP / 1 / 500 | H29: PT. KASMAR MATANO PERSADA | I29: CPO | J29: =IF(MIN(L29,M29)<=5000,"6 Roda",IF(MIN(L29,M29)<=13800,"10 Roda","12 Roda")) -> 12 Roda | K29: 45932 | L29: 45680 | M29: 17460 | N29: 28220 | O29: 28260 | P29: 0.83402778 | Q29: 0.95069444 | R29: samsira | S29: IBRAHIM | T29: =IFERROR(_xlfn.XLOOKUP(H29,$AM$4:$AM$18,$AP$4:$AP$18,""),0) -> 53 | U29: WIL | V29: =IFERROR(_xlfn.XLOOKUP(H29,$AM$4:$AM$18,$AO$4:$AO$18,""),"") -> Masamba
B30: 1 | C30: 000039 | D30: =I30&C30&_xlfn.XLOOKUP(H30,$AM$4:$AM$26,$AN$4:$AN$26,"") -> CPO000039KMP | E30: WNE 02 | F30: KMP01092025 | G30: PT. KMP / 1 / 500 | H30: PT. KASMAR MATANO PERSADA | I30: CPO | J30: =IF(MIN(L30,M30)<=5000,"6 Roda",IF(MIN(L30,M30)<=13800,"10 Roda","12 Roda")) -> 10 Roda | K30: 45932 | L30: 26550 | M30: 11770 | N30: 14780 | O30: 14800 | P30: 0.85277778 | Q30: 0.94027778 | R30: samsira | S30: WALDI | T30: =IFERROR(_xlfn.XLOOKUP(H30,$AM$4:$AM$18,$AP$4:$AP$18,""),0) -> 53 | U30: WIL | V30: =IFERROR(_xlfn.XLOOKUP(H30,$AM$4:$AM$18,$AO$4:$AO$18,""),"") -> Masamba
B31: 1 | C31: 000040 | D31: =I31&C31&_xlfn.XLOOKUP(H31,$AM$4:$AM$26,$AN$4:$AN$26,"") -> CPO000040KMP | E31: WNE 03 | F31: KMP01092025 | G31: PT. KMP / 1 / 500 | H31: PT. KASMAR MATANO PERSADA | I31: CPO | J31: =IF(MIN(L31,M31)<=5000,"6 Roda",IF(MIN(L31,M31)<=13800,"10 Roda","12 Roda")) -> 10 Roda | K31: 45932 | L31: 26640 | M31: 12080 | N31: 14560 | O31: 14580 | P31: 0.89861111 | Q31: 0.99236111 | R31: samsira | S31: ERWIN | T31: =IFERROR(_xlfn.XLOOKUP(H31,$AM$4:$AM$18,$AP$4:$AP$18,""),0) -> 53 | U31: WIL | V31: =IFERROR(_xlfn.XLOOKUP(H31,$AM$4:$AM$18,$AO$4:$AO$18,""),"") -> Masamba
B32: 1 | C32: 000041 | D32: =I32&C32&_xlfn.XLOOKUP(H32,$AM$4:$AM$26,$AN$4:$AN$26,"") -> CPO000041MIS | E32: DP 8821 GL | F32: 215/PJB/MIS-WINS/X/2025 | G32: PT. MIS / 1 / 500 | H32: PT. MADINRA INTI SAWIT | I32: CPO | J32: =IF(MIN(L32,M32)<=5000,"6 Roda",IF(MIN(L32,M32)<=13800,"10 Roda","12 Roda")) -> 6 Roda | K32: 45962 | L32: 13370 | M32: 3790 | N32: 9580 | O32: 9540 | P32: 0.97569444 | Q32: 0.047222222 | R32: samsira | T32: =IFERROR(_xlfn.XLOOKUP(H32,$AM$4:$AM$18,$AP$4:$AP$18,""),0) -> 494 | V32: =IFERROR(_xlfn.XLOOKUP(H32,$AM$4:$AM$18,$AO$4:$AO$18,""),"") -> Pomala
B33: 1 | C33: 000042 | D33: =I33&C33&_xlfn.XLOOKUP(H33,$AM$4:$AM$26,$AN$4:$AN$26,"") -> CPO000042MIS | E33: DP 8951 GB | F33: 215/PJB/MIS-WINS/X/2025 | G33: PT. MIS / 1 / 500 | H33: PT. MADINRA INTI SAWIT | I33: CPO | J33: =IF(MIN(L33,M33)<=5000,"6 Roda",IF(MIN(L33,M33)<=13800,"10 Roda","12 Roda")) -> 6 Roda | K33: 45962 | L33: 13700 | M33: 4070 | N33: 9630 | O33: 9590 | P33: 0.97708333 | Q33: 0.058333333 | R33: samsira | T33: =IFERROR(_xlfn.XLOOKUP(H33,$AM$4:$AM$18,$AP$4:$AP$18,""),0) -> 494 | V33: =IFERROR(_xlfn.XLOOKUP(H33,$AM$4:$AM$18,$AO$4:$AO$18,""),"") -> Pomala
B34: 1 | C34: 000043 | D34: =I34&C34&_xlfn.XLOOKUP(H34,$AM$4:$AM$26,$AN$4:$AN$26,"") -> CPO000043MIS | E34: DP 8994 GH | F34: 215/PJB/MIS-WINS/X/2025 | G34: PT. MIS / 1 / 500 | H34: PT. MADINRA INTI SAWIT | I34: CPO | J34: =IF(MIN(L34,M34)<=5000,"6 Roda",IF(MIN(L34,M34)<=13800,"10 Roda","12 Roda")) -> 6 Roda | K34: 45962 | L34: 13570 | M34: 3910 | N34: 9660 | O34: 9650 | P34: 0.97777778 | Q34: 0.095138889 | R34: samsira | T34: =IFERROR(_xlfn.XLOOKUP(H34,$AM$4:$AM$18,$AP$4:$AP$18,""),0) -> 494 | V34: =IFERROR(_xlfn.XLOOKUP(H34,$AM$4:$AM$18,$AO$4:$AO$18,""),"") -> Pomala
B35: 1 | C35: 000044 | D35: =I35&C35&_xlfn.XLOOKUP(H35,$AM$4:$AM$26,$AN$4:$AN$26,"") -> CPO000044MIS | E35: DP 8928 GM | F35: 215/PJB/MIS-WINS/X/2025 | G35: PT. MIS / 1 / 500 | H35: PT. MADINRA INTI SAWIT | I35: CPO | J35: =IF(MIN(L35,M35)<=5000,"6 Roda",IF(MIN(L35,M35)<=13800,"10 Roda","12 Roda")) -> 6 Roda | K35: 45962 | L35: 13900 | M35: 3810 | N35: 10090 | O35: 10090 | P35: 0.97847222 | Q35: 0.063194444 | R35: samsira | T35: =IFERROR(_xlfn.XLOOKUP(H35,$AM$4:$AM$18,$AP$4:$AP$18,""),0) -> 494 | V35: =IFERROR(_xlfn.XLOOKUP(H35,$AM$4:$AM$18,$AO$4:$AO$18,""),"") -> Pomala
B36: 1 | C36: 000045 | D36: =I36&C36&_xlfn.XLOOKUP(H36,$AM$4:$AM$26,$AN$4:$AN$26,"") -> CPO000045MIS | E36: DN 8492 CU | F36: 215/PJB/MIS-WINS/X/2025 | G36: PT. MIS / 1 / 500 | H36: PT. MADINRA INTI SAWIT | I36: CPO | J36: =IF(MIN(L36,M36)<=5000,"6 Roda",IF(MIN(L36,M36)<=13800,"10 Roda","12 Roda")) -> 6 Roda | K36: 45962 | L36: 13600 | M36: 3990 | N36: 9610 | O36: 9590 | P36: 0.97916667 | Q36: 0.11597222 | R36: samsira | T36: =IFERROR(_xlfn.XLOOKUP(H36,$AM$4:$AM$18,$AP$4:$AP$18,""),0) -> 494 | V36: =IFERROR(_xlfn.XLOOKUP(H36,$AM$4:$AM$18,$AO$4:$AO$18,""),"") -> Pomala
B37: 1 | C37: 000046 | D37: =I37&C37&_xlfn.XLOOKUP(H37,$AM$4:$AM$26,$AN$4:$AN$26,"") -> CPO000046MIS | E37: DP 8036 GK | F37: 215/PJB/MIS-WINS/X/2025 | G37: PT. MIS / 1 / 500 | H37: PT. MADINRA INTI SAWIT | I37: CPO | J37: =IF(MIN(L37,M37)<=5000,"6 Roda",IF(MIN(L37,M37)<=13800,"10 Roda","12 Roda")) -> 6 Roda | K37: 45962 | L37: 13440 | M37: 3980 | N37: 9460 | O37: 9420 | P37: 0.97986111 | Q37: 0.088888889 | R37: samsira | T37: =IFERROR(_xlfn.XLOOKUP(H37,$AM$4:$AM$18,$AP$4:$AP$18,""),0) -> 494 | V37: =IFERROR(_xlfn.XLOOKUP(H37,$AM$4:$AM$18,$AO$4:$AO$18,""),"") -> Pomala
B38: 1 | C38: 000047 | D38: =I38&C38&_xlfn.XLOOKUP(H38,$AM$4:$AM$26,$AN$4:$AN$26,"") -> CPO000047MIS | E38: DP 8662 GH | F38: 215/PJB/MIS-WINS/X/2025 | G38: PT. MIS / 1 / 500 | H38: PT. MADINRA INTI SAWIT | I38: CPO | J38: =IF(MIN(L38,M38)<=5000,"6 Roda",IF(MIN(L38,M38)<=13800,"10 Roda","12 Roda")) -> 6 Roda | K38: 45962 | L38: 14050 | M38: 3960 | N38: 10090 | O38: 10070 | P38: 0.090972222 | Q38: 0.15208333 | R38: samsira | T38: =IFERROR(_xlfn.XLOOKUP(H38,$AM$4:$AM$18,$AP$4:$AP$18,""),0) -> 494 | V38: =IFERROR(_xlfn.XLOOKUP(H38,$AM$4:$AM$18,$AO$4:$AO$18,""),"") -> Pomala
B39: 1 | C39: 000048 | D39: =I39&C39&_xlfn.XLOOKUP(H39,$AM$4:$AM$26,$AN$4:$AN$26,"") -> CPO000048MIS | E39: DP 8004 GJ | F39: 215/PJB/MIS-WINS/X/2025 | G39: PT. MIS / 1 / 500 | H39: PT. MADINRA INTI SAWIT | I39: CPO | J39: =IF(MIN(L39,M39)<=5000,"6 Roda",IF(MIN(L39,M39)<=13800,"10 Roda","12 Roda")) -> 6 Roda | K39: 45962 | L39: 13500 | M39: 4090 | N39: 9410 | O39: 9380 | P39: 0.091666667 | Q39: 0.16666667 | R39: samsira | T39: =IFERROR(_xlfn.XLOOKUP(H39,$AM$4:$AM$18,$AP$4:$AP$18,""),0) -> 494 | V39: =IFERROR(_xlfn.XLOOKUP(H39,$AM$4:$AM$18,$AO$4:$AO$18,""),"") -> Pomala
B40: 1 | C40: 000049 | D40: =I40&C40&_xlfn.XLOOKUP(H40,$AM$4:$AM$26,$AN$4:$AN$26,"") -> CPO000049MIS | E40: DP 8762 GH | F40: 215/PJB/MIS-WINS/X/2025 | G40: PT. MIS / 1 / 500 | H40: PT. MADINRA INTI SAWIT | I40: CPO | J40: =IF(MIN(L40,M40)<=5000,"6 Roda",IF(MIN(L40,M40)<=13800,"10 Roda","12 Roda")) -> 6 Roda | K40: 45962 | L40: 13150 | M40: 3810 | N40: 9340 | O40: 9320 | P40: 0.12083333 | Q40: 0.17777778 | R40: samsira | T40: =IFERROR(_xlfn.XLOOKUP(H40,$AM$4:$AM$18,$AP$4:$AP$18,""),0) -> 494 | V40: =IFERROR(_xlfn.XLOOKUP(H40,$AM$4:$AM$18,$AO$4:$AO$18,""),"") -> Pomala
B41: 1 | C41: 000050 | D41: =I41&C41&_xlfn.XLOOKUP(H41,$AM$4:$AM$26,$AN$4:$AN$26,"") -> CPO000050MIS | E41: DP 9826 GA | F41: 215/PJB/MIS-WINS/X/2025 | G41: PT. MIS / 1 / 500 | H41: PT. MADINRA INTI SAWIT | I41: CPO | J41: =IF(MIN(L41,M41)<=5000,"6 Roda",IF(MIN(L41,M41)<=13800,"10 Roda","12 Roda")) -> 6 Roda | K41: 45962 | L41: 13910 | M41: 4030 | N41: 9880 | O41: 9870 | P41: 0.12152778 | Q41: 0.18958333 | R41: samsira | T41: =IFERROR(_xlfn.XLOOKUP(H41,$AM$4:$AM$18,$AP$4:$AP$18,""),0) -> 494 | V41: =IFERROR(_xlfn.XLOOKUP(H41,$AM$4:$AM$18,$AO$4:$AO$18,""),"") -> Pomala
B42: 1 | C42: 000051 | D42: =I42&C42&_xlfn.XLOOKUP(H42,$AM$4:$AM$26,$AN$4:$AN$26,"") -> CPO000051MIS | E42: DP 8798 GH | F42: 215/PJB/MIS-WINS/X/2025 | G42: PT. MIS / 1 / 500 | H42: PT. MADINRA INTI SAWIT | I42: CPO | J42: =IF(MIN(L42,M42)<=5000,"6 Roda",IF(MIN(L42,M42)<=13800,"10 Roda","12 Roda")) -> 6 Roda | K42: 45962 | L42: 13450 | M42: 4020 | N42: 9430 | O42: 9430 | P42: 0.12569444 | Q42: 0.20625 | R42: samsira | T42: =IFERROR(_xlfn.XLOOKUP(H42,$AM$4:$AM$18,$AP$4:$AP$18,""),0) -> 494 | V42: =IFERROR(_xlfn.XLOOKUP(H42,$AM$4:$AM$18,$AO$4:$AO$18,""),"") -> Pomala
B43: 1 | C43: 000052 | D43: =I43&C43&_xlfn.XLOOKUP(H43,$AM$4:$AM$26,$AN$4:$AN$26,"") -> CPO000052MIS | E43: DP 9846 GA | F43: 215/PJB/MIS-WINS/X/2025 | G43: PT. MIS / 1 / 500 | H43: PT. MADINRA INTI SAWIT | I43: CPO | J43: =IF(MIN(L43,M43)<=5000,"6 Roda",IF(MIN(L43,M43)<=13800,"10 Roda","12 Roda")) -> 6 Roda | K43: 45962 | L43: 13210 | M43: 3620 | N43: 9590 | O43: 9580 | P43: 0.90625 | Q43: 0.94722222 | R43: samsira | T43: =IFERROR(_xlfn.XLOOKUP(H43,$AM$4:$AM$18,$AP$4:$AP$18,""),0) -> 494 | V43: =IFERROR(_xlfn.XLOOKUP(H43,$AM$4:$AM$18,$AO$4:$AO$18,""),"") -> Pomala
... B83: 1 | C83: 000089 | D83: =I83&C83&_xlfn.XLOOKUP(H83,$AM$4:$AM$26,$AN$4:$AN$26,"") -> CPO000089MIS | E83: DP 8817 GB | F83: 215/PJB/MIS-WINS/X/2025 | G83: PT. MIS / 1 / 500 | H83: PT. MADINRA INTI SAWIT | I83: CPO | J83: =IF(MIN(L83,M83)<=5000,"6 Roda",IF(MIN(L83,M83)<=13800,"10 Roda","12 Roda")) -> 6 Roda | K83: 45969 | L83: 13130 | M83: 3670 | N83: 9460 | O83: 9500 | P83: 0.36805556 | Q83: 0.42013889 | R83: samsira | T83: =IFERROR(_xlfn.XLOOKUP(H83,$AM$4:$AM$18,$AP$4:$AP$18,""),0) -> 494 | V83: =IFERROR(_xlfn.XLOOKUP(H83,$AM$4:$AM$18,$AO$4:$AO$18,""),"") -> Pomala
B84: 1 | C84: 000006 | D84: =I84&C84&_xlfn.XLOOKUP(H84,$AM$4:$AM$26,$AN$4:$AN$26,"") -> CPO000006JAS | E84: DD 9236 XX | F84: 001/CPO/JM-WINS/XI/2025 | G84: PT. JAS MULIA / 1 / 512 | H84: PT. JAS MULIA | I84: CPO | J84: =IF(MIN(L84,M84)<=5000,"6 Roda",IF(MIN(L84,M84)<=13800,"10 Roda","12 Roda")) -> 12 Roda | K84: 45971 | L84: 45780 | M84: 17430 | N84: 28350 | O84: 28370 | P84: 0.67777778 | Q84: 0.74930556 | R84: samsira | S84: IBRAHIM | T84: =IFERROR(_xlfn.XLOOKUP(H84,$AM$4:$AM$18,$AP$4:$AP$18,""),0) -> 68 | U84: WIL | V84: =IFERROR(_xlfn.XLOOKUP(H84,$AM$4:$AM$18,$AO$4:$AO$18,""),"") -> Bone Bone
B85: 1 | C85: 000740 | D85: =I85&C85&_xlfn.XLOOKUP(H85,$AM$4:$AM$26,$AN$4:$AN$26,"") -> CPO000740PN | E85: BM 8315 QO | F85: 0095/R2/HO-PALM/CPO-L/I/2026 | G85: PT. PN / 5 / 1.000 | H85: PT. PERKEBUNAN NUSANTARA | I85: CPO | J85: =IF(MIN(L85,M85)<=5000,"6 Roda",IF(MIN(L85,M85)<=13800,"10 Roda","12 Roda")) -> 12 Roda | K85: 46056 | L85: 45840 | M85: 17540 | N85: 28300 | O85: 28370 | P85: 0.825 | Q85: 0.88402778 | R85: samsira | S85: IQBAL | T85: =IFERROR(_xlfn.XLOOKUP(H85,$AM$4:$AM$18,$AP$4:$AP$18,""),0) -> 99 | V85: =IFERROR(_xlfn.XLOOKUP(H85,$AM$4:$AM$18,$AO$4:$AO$18,""),"") -> Burau
B86: 1 | C86: 000008 | D86: =I86&C86&_xlfn.XLOOKUP(H86,$AM$4:$AM$26,$AN$4:$AN$26,"") -> CPO000008JAS | E86: DD 8711 XX | F86: 001/CPO/JM-WINS/XI/2025 | G86: PT. JAS MULIA / 1 / 512 | H86: PT. JAS MULIA | I86: CPO | J86: =IF(MIN(L86,M86)<=5000,"6 Roda",IF(MIN(L86,M86)<=13800,"10 Roda","12 Roda")) -> 10 Roda | K86: 45971 | L86: 25090 | M86: 10860 | N86: 14230 | O86: 14180 | P86: 0.68680556 | Q86: 0.76736111 | R86: samsira | S86: RONI RAKAN | T86: =IFERROR(_xlfn.XLOOKUP(H86,$AM$4:$AM$18,$AP$4:$AP$18,""),0) -> 68 | U86: WIL | V86: =IFERROR(_xlfn.XLOOKUP(H86,$AM$4:$AM$18,$AO$4:$AO$18,""),"") -> Bone Bone
B87: 1 | C87: 000009 | D87: =I87&C87&_xlfn.XLOOKUP(H87,$AM$4:$AM$26,$AN$4:$AN$26,"") -> CPO000009JAS | E87: B 1918 SXX | F87: 001/CPO/JM-WINS/XI/2025 | G87: PT. JAS MULIA / 1 / 512 | H87: PT. JAS MULIA | I87: CPO | J87: =IF(MIN(L87,M87)<=5000,"6 Roda",IF(MIN(L87,M87)<=13800,"10 Roda","12 Roda")) -> 10 Roda | K87: 45971 | L87: 26510 | M87: 11650 | N87: 14860 | O87: 14870 | P87: 0.6875 | Q87: 0.78055556 | R87: samsira | S87: WALDI | T87: =IFERROR(_xlfn.XLOOKUP(H87,$AM$4:$AM$18,$AP$4:$AP$18,""),0) -> 68 | U87: WIL | V87: =IFERROR(_xlfn.XLOOKUP(H87,$AM$4:$AM$18,$AO$4:$AO$18,""),"") -> Bone Bone
B88: 1 | C88: 000010 | D88: =I88&C88&_xlfn.XLOOKUP(H88,$AM$4:$AM$26,$AN$4:$AN$26,"") -> CPO000010JAS | E88: BH 8459 MY | F88: 001/CPO/JM-WINS/XI/2025 | G88: PT. JAS MULIA / 1 / 512 | H88: PT. JAS MULIA | I88: CPO | J88: =IF(MIN(L88,M88)<=5000,"6 Roda",IF(MIN(L88,M88)<=13800,"10 Roda","12 Roda")) -> 10 Roda | K88: 45972 | L88: 26630 | M88: 12110 | N88: 14520 | O88: 14540 | P88: 0.33541667 | Q88: 0.37708333 | R88: samsira | S88: ERWIN | T88: =IFERROR(_xlfn.XLOOKUP(H88,$AM$4:$AM$18,$AP$4:$AP$18,""),0) -> 68 | U88: WIL | V88: =IFERROR(_xlfn.XLOOKUP(H88,$AM$4:$AM$18,$AO$4:$AO$18,""),"") -> Bone Bone
B89: 1 | C89: 000011 | D89: =I89&C89&_xlfn.XLOOKUP(H89,$AM$4:$AM$26,$AN$4:$AN$26,"") -> CPO000011JAS | E89: B 1918 SXX | F89: 001/CPO/JM-WINS/XI/2025 | G89: PT. JAS MULIA / 1 / 512 | H89: PT. JAS MULIA | I89: CPO | J89: =IF(MIN(L89,M89)<=5000,"6 Roda",IF(MIN(L89,M89)<=13800,"10 Roda","12 Roda")) -> 10 Roda | K89: 45972 | L89: 26500 | M89: 11690 | N89: 14810 | O89: 14870 | P89: 0.56944444 | Q89: 0.62291667 | R89: samsira | S89: WALDI | T89: =IFERROR(_xlfn.XLOOKUP(H89,$AM$4:$AM$18,$AP$4:$AP$18,""),0) -> 68 | U89: WIL | V89: =IFERROR(_xlfn.XLOOKUP(H89,$AM$4:$AM$18,$AO$4:$AO$18,""),"") -> Bone Bone
B90: 1 | C90: 000012 | D90: =I90&C90&_xlfn.XLOOKUP(H90,$AM$4:$AM$26,$AN$4:$AN$26,"") -> CPO000012JAS | E90: DD 8711 XX | F90: 001/CPO/JM-WINS/XI/2025 | G90: PT. JAS MULIA / 1 / 512 | H90: PT. JAS MULIA | I90: CPO | J90: =IF(MIN(L90,M90)<=5000,"6 Roda",IF(MIN(L90,M90)<=13800,"10 Roda","12 Roda")) -> 10 Roda | K90: 45972 | L90: 25140 | M90: 10820 | N90: 14320 | O90: 14270 | P90: 0.57083333 | Q90: 0.65 | R90: samsira | S90: RONI RAKAN | T90: =IFERROR(_xlfn.XLOOKUP(H90,$AM$4:$AM$18,$AP$4:$AP$18,""),0) -> 68 | U90: WIL | V90: =IFERROR(_xlfn.XLOOKUP(H90,$AM$4:$AM$18,$AO$4:$AO$18,""),"") -> Bone Bone
B91: 1 | C91: 000013 | D91: =I91&C91&_xlfn.XLOOKUP(H91,$AM$4:$AM$26,$AN$4:$AN$26,"") -> CPO000013JAS | E91: DD 9236 XX | F91: 001/CPO/JM-WINS/XI/2025 | G91: PT. JAS MULIA / 1 / 512 | H91: PT. JAS MULIA | I91: CPO | J91: =IF(MIN(L91,M91)<=5000,"6 Roda",IF(MIN(L91,M91)<=13800,"10 Roda","12 Roda")) -> 12 Roda | K91: 45972 | L91: 45950 | M91: 17730 | N91: 28220 | O91: 28300 | P91: 0.57222222 | Q91: 0.63541667 | R91: samsira | S91: IBRAHIM | T91: =IFERROR(_xlfn.XLOOKUP(H91,$AM$4:$AM$18,$AP$4:$AP$18,""),0) -> 68 | U91: WIL | V91: =IFERROR(_xlfn.XLOOKUP(H91,$AM$4:$AM$18,$AO$4:$AO$18,""),"") -> Bone Bone
B92: 1 | C92: 000014 | D92: =I92&C92&_xlfn.XLOOKUP(H92,$AM$4:$AM$26,$AN$4:$AN$26,"") -> CPO000014JAS | E92: BH 8459 MY | F92: 001/CPO/JM-WINS/XI/2025 | G92: PT. JAS MULIA / 1 / 512 | H92: PT. JAS MULIA | I92: CPO | J92: =IF(MIN(L92,M92)<=5000,"6 Roda",IF(MIN(L92,M92)<=13800,"10 Roda","12 Roda")) -> 10 Roda | K92: 45972 | L92: 26570 | M92: 12130 | N92: 14440 | O92: 14470 | P92: 0.61180556 | Q92: 0.68125 | R92: samsira | S92: ERWIN | T92: =IFERROR(_xlfn.XLOOKUP(H92,$AM$4:$AM$18,$AP$4:$AP$18,""),0) -> 68 | U92: WIL | V92: =IFERROR(_xlfn.XLOOKUP(H92,$AM$4:$AM$18,$AO$4:$AO$18,""),"") -> Bone Bone
B93: 1 | C93: 000015 | D93: =I93&C93&_xlfn.XLOOKUP(H93,$AM$4:$AM$26,$AN$4:$AN$26,"") -> CPO000015JAS | E93: BM 8315 QO | F93: 001/CPO/JM-WINS/XI/2025 | G93: PT. JAS MULIA / 1 / 512 | H93: PT. JAS MULIA | I93: CPO | J93: =IF(MIN(L93,M93)<=5000,"6 Roda",IF(MIN(L93,M93)<=13800,"10 Roda","12 Roda")) -> 12 Roda | K93: 45972 | L93: 45750 | M93: 17460 | N93: 28290 | O93: 28300 | P93: 0.61458333 | Q93: 0.68333333 | R93: samsira | S93: IQBAL | T93: =IFERROR(_xlfn.XLOOKUP(H93,$AM$4:$AM$18,$AP$4:$AP$18,""),0) -> 68 | U93: WIL | V93: =IFERROR(_xlfn.XLOOKUP(H93,$AM$4:$AM$18,$AO$4:$AO$18,""),"") -> Bone Bone
B94: 1 | C94: 000016 | D94: =I94&C94&_xlfn.XLOOKUP(H94,$AM$4:$AM$26,$AN$4:$AN$26,"") -> CPO000016JAS | E94: DD 9236 XX | F94: 001/CPO/JM-WINS/XI/2025 | G94: PT. JAS MULIA / 1 / 512 | H94: PT. JAS MULIA | I94: CPO | J94: =IF(MIN(L94,M94)<=5000,"6 Roda",IF(MIN(L94,M94)<=13800,"10 Roda","12 Roda")) -> 12 Roda | K94: 45972 | L94: 45840 | M94: 17690 | N94: 28150 | O94: 28070 | P94: 0.86597222 | Q94: 0.97638889 | R94: samsira | S94: IBRAHIM | T94: =IFERROR(_xlfn.XLOOKUP(H94,$AM$4:$AM$18,$AP$4:$AP$18,""),0) -> 68 | U94: WIL | V94: =IFERROR(_xlfn.XLOOKUP(H94,$AM$4:$AM$18,$AO$4:$AO$18,""),"") -> Bone Bone
B95: 1 | C95: 000017 | D95: =I95&C95&_xlfn.XLOOKUP(H95,$AM$4:$AM$26,$AN$4:$AN$26,"") -> CPO000017JAS | E95: DD 8711 XX | F95: 001/CPO/JM-WINS/XI/2025 | G95: PT. JAS MULIA / 1 / 512 | H95: PT. JAS MULIA | I95: CPO | J95: =IF(MIN(L95,M95)<=5000,"6 Roda",IF(MIN(L95,M95)<=13800,"10 Roda","12 Roda")) -> 10 Roda | K95: 45972 | L95: 25030 | M95: 10790 | N95: 14240 | O95: 14190 | P95: 0.87638889 | Q95: 0.99583333 | R95: samsira | S95: RONI RAKAN | T95: =IFERROR(_xlfn.XLOOKUP(H95,$AM$4:$AM$18,$AP$4:$AP$18,""),0) -> 68 | U95: WIL | V95: =IFERROR(_xlfn.XLOOKUP(H95,$AM$4:$AM$18,$AO$4:$AO$18,""),"") -> Bone Bone
B96: 1 | C96: 000018 | D96: =I96&C96&_xlfn.XLOOKUP(H96,$AM$4:$AM$26,$AN$4:$AN$26,"") -> CPO000018JAS | E96: B 1918 SXX | F96: 001/CPO/JM-WINS/XI/2025 | G96: PT. JAS MULIA / 1 / 512 | H96: PT. JAS MULIA | I96: CPO | J96: =IF(MIN(L96,M96)<=5000,"6 Roda",IF(MIN(L96,M96)<=13800,"10 Roda","12 Roda")) -> 10 Roda | K96: 45972 | L96: 26490 | M96: 11660 | N96: 14830 | O96: 14800 | P96: 0.88541667 | Q96: 0.95625 | R96: samsira | S96: WALDI | T96: =IFERROR(_xlfn.XLOOKUP(H96,$AM$4:$AM$18,$AP$4:$AP$18,""),0) -> 68 | U96: WIL | V96: =IFERROR(_xlfn.XLOOKUP(H96,$AM$4:$AM$18,$AO$4:$AO$18,""),"") -> Bone Bone
B97: 1 | C97: 000019 | D97: =I97&C97&_xlfn.XLOOKUP(H97,$AM$4:$AM$26,$AN$4:$AN$26,"") -> CPO000019JAS | E97: BH 8459 MY | F97: 001/CPO/JM-WINS/XI/2025 | G97: PT. JAS MULIA / 1 / 512 | H97: PT. JAS MULIA | I97: CPO | J97: =IF(MIN(L97,M97)<=5000,"6 Roda",IF(MIN(L97,M97)<=13800,"10 Roda","12 Roda")) -> 10 Roda | K97: 45972 | L97: 26640 | M97: 12090 | N97: 14550 | O97: 14530 | P97: 0.91736111 | Q97: 0.99722222 | R97: samsira | S97: ERWIN | T97: =IFERROR(_xlfn.XLOOKUP(H97,$AM$4:$AM$18,$AP$4:$AP$18,""),0) -> 68 | U97: WIL | V97: =IFERROR(_xlfn.XLOOKUP(H97,$AM$4:$AM$18,$AO$4:$AO$18,""),"") -> Bone Bone
... B100: 1 | C100: 000022 | D100: =I100&C100&_xlfn.XLOOKUP(H100,$AM$4:$AM$26,$AN$4:$AN$26,"") -> CPO000022JAS | E100: BM 8315 QO | F100: 001/CPO/JM-WINS/XI/2025 | G100: PT. JAS MULIA / 1 / 512 | H100: PT. JAS MULIA | I100: CPO | J100: =IF(MIN(L100,M100)<=5000,"6 Roda",IF(MIN(L100,M100)<=13800,"10 Roda","12 Roda")) -> 12 Roda | K100: 45973 | L100: 45920 | M100: 17680 | N100: 28240 | O100: 28230 | P100: 0.68333333 | Q100: 0.77152778 | R100: samsira | S100: IQBAL | T100: =IFERROR(_xlfn.XLOOKUP(H100,$AM$4:$AM$18,$AP$4:$AP$18,""),0) -> 68 | U100: WIL | V100: =IFERROR(_xlfn.XLOOKUP(H100,$AM$4:$AM$18,$AO$4:$AO$18,""),"") -> Bone Bone
B101: 1 | C101: 000090 | D101: =I101&C101&_xlfn.XLOOKUP(H101,$AM$4:$AM$26,$AN$4:$AN$26,"") -> CPO000090PN | E101: B 1918 SXX | F101: 227/KPBN/TRD/CPO-L/WINS/XI/2025 | G101: PT. PN / 1 / 100 | H101: PT. PERKEBUNAN NUSANTARA | I101: CPO | J101: =IF(MIN(L101,M101)<=5000,"6 Roda",IF(MIN(L101,M101)<=13800,"10 Roda","12 Roda")) -> 10 Roda | K101: 45973 | L101: 25820 | M101: 11690 | N101: 14130 | O101: 14190 | P101: 0.56805556 | Q101: 0.70555556 | R101: samsira | S101: WALDI | T101: =IFERROR(_xlfn.XLOOKUP(H101,$AM$4:$AM$18,$AP$4:$AP$18,""),0) -> 99 | V101: =IFERROR(_xlfn.XLOOKUP(H101,$AM$4:$AM$18,$AO$4:$AO$18,""),"") -> Burau
B102: 1 | C102: 000091 | D102: =I102&C102&_xlfn.XLOOKUP(H102,$AM$4:$AM$26,$AN$4:$AN$26,"") -> CPO000091PN | E102: BH 8459 MY | F102: 227/KPBN/TRD/CPO-L/WINS/XI/2025 | G102: PT. PN / 1 / 100 | H102: PT. PERKEBUNAN NUSANTARA | I102: CPO | J102: =IF(MIN(L102,M102)<=5000,"6 Roda",IF(MIN(L102,M102)<=13800,"10 Roda","12 Roda")) -> 10 Roda | K102: 45973 | L102: 26320 | M102: 12090 | N102: 14230 | O102: 14270 | P102: 0.56944444 | Q102: 0.64652778 | R102: samsira | S102: ERWIN | T102: =IFERROR(_xlfn.XLOOKUP(H102,$AM$4:$AM$18,$AP$4:$AP$18,""),0) -> 99 | V102: =IFERROR(_xlfn.XLOOKUP(H102,$AM$4:$AM$18,$AO$4:$AO$18,""),"") -> Burau
B103: 1 | C103: 000092 | D103: =I103&C103&_xlfn.XLOOKUP(H103,$AM$4:$AM$26,$AN$4:$AN$26,"") -> CPO000092PN | E103: DD 8711 XX | F103: 227/KPBN/TRD/CPO-L/WINS/XI/2025 | G103: PT. PN / 1 / 100 | H103: PT. PERKEBUNAN NUSANTARA | I103: CPO | J103: =IF(MIN(L103,M103)<=5000,"6 Roda",IF(MIN(L103,M103)<=13800,"10 Roda","12 Roda")) -> 10 Roda | K103: 45973 | L103: 24910 | M103: 10780 | N103: 14130 | O103: 14150 | P103: 0.59305556 | Q103: 0.69305556 | R103: samsira | S103: RONI RAKAN | T103: =IFERROR(_xlfn.XLOOKUP(H103,$AM$4:$AM$18,$AP$4:$AP$18,""),0) -> 99 | V103: =IFERROR(_xlfn.XLOOKUP(H103,$AM$4:$AM$18,$AO$4:$AO$18,""),"") -> Burau
B104: 1 | C104: 000094 | D104: =I104&C104&_xlfn.XLOOKUP(H104,$AM$4:$AM$26,$AN$4:$AN$26,"") -> CPO000094PN | E104: BH 8459 MY | F104: 227/KPBN/TRD/CPO-L/WINS/XI/2025 | G104: PT. PN / 1 / 100 | H104: PT. PERKEBUNAN NUSANTARA | I104: CPO | J104: =IF(MIN(L104,M104)<=5000,"6 Roda",IF(MIN(L104,M104)<=13800,"10 Roda","12 Roda")) -> 10 Roda | K104: 45973 | L104: 26310 | M104: 12090 | N104: 14220 | O104: 14230 | P104: 0.71805556 | Q104: 0.77847222 | R104: samsira | S104: ERWIN | T104: =IFERROR(_xlfn.XLOOKUP(H104,$AM$4:$AM$18,$AP$4:$AP$18,""),0) -> 99 | V104: =IFERROR(_xlfn.XLOOKUP(H104,$AM$4:$AM$18,$AO$4:$AO$18,""),"") -> Burau
B105: 1 | C105: 000095 | D105: =I105&C105&_xlfn.XLOOKUP(H105,$AM$4:$AM$26,$AN$4:$AN$26,"") -> CPO000095PN | E105: DD 8711 XX | F105: 227/KPBN/TRD/CPO-L/WINS/XI/2025 | G105: PT. PN / 1 / 100 | H105: PT. PERKEBUNAN NUSANTARA | I105: CPO | J105: =IF(MIN(L105,M105)<=5000,"6 Roda",IF(MIN(L105,M105)<=13800,"10 Roda","12 Roda")) -> 10 Roda | K105: 45973 | L105: 24830 | M105: 10870 | N105: 13960 | O105: 14080 | P105: 0.775 | Q105: 0.90347222 | R105: samsira | S105: RONI RAKAN | T105: =IFERROR(_xlfn.XLOOKUP(H105,$AM$4:$AM$18,$AP$4:$AP$18,""),0) -> 99 | V105: =IFERROR(_xlfn.XLOOKUP(H105,$AM$4:$AM$18,$AO$4:$AO$18,""),"") -> Burau
B106: 1 | C106: 000096 | D106: =I106&C106&_xlfn.XLOOKUP(H106,$AM$4:$AM$26,$AN$4:$AN$26,"") -> CPO000096PN | E106: B 1918 SXX | F106: 227/KPBN/TRD/CPO-L/WINS/XI/2025 | G106: PT. PN / 1 / 100 | H106: PT. PERKEBUNAN NUSANTARA | I106: CPO | J106: =IF(MIN(L106,M106)<=5000,"6 Roda",IF(MIN(L106,M106)<=13800,"10 Roda","12 Roda")) -> 10 Roda | K106: 45973 | L106: 25680 | M106: 11690 | N106: 13990 | O106: 14020 | P106: 0.83055556 | Q106: 0.91736111 | R106: samsira | S106: WALDI | T106: =IFERROR(_xlfn.XLOOKUP(H106,$AM$4:$AM$18,$AP$4:$AP$18,""),0) -> 99 | V106: =IFERROR(_xlfn.XLOOKUP(H106,$AM$4:$AM$18,$AO$4:$AO$18,""),"") -> Burau
B107: 1 | C107: 000097 | D107: =I107&C107&_xlfn.XLOOKUP(H107,$AM$4:$AM$26,$AN$4:$AN$26,"") -> CPO000097PN | E107: BH 8459 MY | F107: 227/KPBN/TRD/CPO-L/WINS/XI/2025 | G107: PT. PN / 1 / 100 | H107: PT. PERKEBUNAN NUSANTARA | I107: CPO | J107: =IF(MIN(L107,M107)<=5000,"6 Roda",IF(MIN(L107,M107)<=13800,"10 Roda","12 Roda")) -> 10 Roda | K107: 45973 | L107: 26320 | M107: 12210 | N107: 14110 | O107: 14270 | P107: 0.86388889 | Q107: 0.92222222 | R107: samsira | S107: ERWIN | T107: =IFERROR(_xlfn.XLOOKUP(H107,$AM$4:$AM$18,$AP$4:$AP$18,""),0) -> 99 | V107: =IFERROR(_xlfn.XLOOKUP(H107,$AM$4:$AM$18,$AO$4:$AO$18,""),"") -> Burau
B108: 1 | C108: 000299 | D108: =I108&C108&_xlfn.XLOOKUP(H108,$AM$4:$AM$26,$AN$4:$AN$26,"") -> CPO000299MIS | E108: DP 8036 GK | F108: 265/PJB/MIS-WINS/XII/2025 | G108: PT. MIS / 3 / 600 | H108: PT. MADINRA INTI SAWIT | I108: CPO | J108: =IF(MIN(L108,M108)<=5000,"6 Roda",IF(MIN(L108,M108)<=13800,"10 Roda","12 Roda")) -> 6 Roda | K108: 45973 | L108: 13490 | M108: 4000 | N108: 9490 | O108: 9440 | P108: 0.95277778 | Q108: 0.98333333 | R108: Datu | T108: =IFERROR(_xlfn.XLOOKUP(H108,$AM$4:$AM$18,$AP$4:$AP$18,""),0) -> 494 | V108: =IFERROR(_xlfn.XLOOKUP(H108,$AM$4:$AM$18,$AO$4:$AO$18,""),"") -> Pomala
B109: 1 | C109: 000300 | D109: =I109&C109&_xlfn.XLOOKUP(H109,$AM$4:$AM$26,$AN$4:$AN$26,"") -> CPO000300MIS | E109: DP 8951 GB | F109: 265/PJB/MIS-WINS/XII/2025 | G109: PT. MIS / 3 / 600 | H109: PT. MADINRA INTI SAWIT | I109: CPO | J109: =IF(MIN(L109,M109)<=5000,"6 Roda",IF(MIN(L109,M109)<=13800,"10 Roda","12 Roda")) -> 6 Roda | K109: 45973 | L109: 13740 | M109: 4110 | N109: 9630 | O109: 9590 | P109: 0.95416667 | Q109: 0.97986111 | R109: Datu | T109: =IFERROR(_xlfn.XLOOKUP(H109,$AM$4:$AM$18,$AP$4:$AP$18,""),0) -> 494 | V109: =IFERROR(_xlfn.XLOOKUP(H109,$AM$4:$AM$18,$AO$4:$AO$18,""),"") -> Pomala
B110: 1 | C110: 000289 | D110: =I110&C110&_xlfn.XLOOKUP(H110,$AM$4:$AM$26,$AN$4:$AN$26,"") -> CPO000289KMP | E110: DD 9236 XX | F110: KMP03112025 | G110: PT. KMP / 4 / 500 | H110: PT. KASMAR MATANO PERSADA | I110: CPO | J110: =IF(MIN(L110,M110)<=5000,"6 Roda",IF(MIN(L110,M110)<=13800,"10 Roda","12 Roda")) -> 12 Roda | K110: 45973 | L110: 45990 | M110: 17860 | N110: 28130 | O110: 28160 | P110: 0.39236111 | Q110: 0.48125 | R110: samsira | S110: IBRAHIM | T110: =IFERROR(_xlfn.XLOOKUP(H110,$AM$4:$AM$18,$AP$4:$AP$18,""),0) -> 53 | U110: WIL | V110: =IFERROR(_xlfn.XLOOKUP(H110,$AM$4:$AM$18,$AO$4:$AO$18,""),"") -> Masamba
B111: 1 | C111: 000290 | D111: =I111&C111&_xlfn.XLOOKUP(H111,$AM$4:$AM$26,$AN$4:$AN$26,"") -> CPO000290KMP | E111: BM 8315 QO | F111: KMP03112025 | G111: PT. KMP / 4 / 500 | H111: PT. KASMAR MATANO PERSADA | I111: CPO | J111: =IF(MIN(L111,M111)<=5000,"6 Roda",IF(MIN(L111,M111)<=13800,"10 Roda","12 Roda")) -> 12 Roda | K111: 45973 | L111: 45800 | M111: 17670 | N111: 28130 | O111: 28180 | P111: 0.41597222 | Q111: 0.48263889 | R111: samsira | S111: IQBAL | T111: =IFERROR(_xlfn.XLOOKUP(H111,$AM$4:$AM$18,$AP$4:$AP$18,""),0) -> 53 | U111: WIL | V111: =IFERROR(_xlfn.XLOOKUP(H111,$AM$4:$AM$18,$AO$4:$AO$18,""),"") -> Masamba
B112: 1 | C112: 000291 | D112: =I112&C112&_xlfn.XLOOKUP(H112,$AM$4:$AM$26,$AN$4:$AN$26,"") -> CPO000291JAS | E112: DD 8711 XX | F112: 004/CPO/JM-WINS/XII/2025 | G112: PT. JAS MULIA / 4 / 500 | H112: PT. JAS MULIA | I112: CPO | J112: =IF(MIN(L112,M112)<=5000,"6 Roda",IF(MIN(L112,M112)<=13800,"10 Roda","12 Roda")) -> 10 Roda | K112: 45973 | L112: 25090 | M112: 10890 | N112: 14200 | O112: 14180 | P112: 0.49861111 | Q112: 0.59791667 | R112: samsira | S112: RONI RAKAN | T112: =IFERROR(_xlfn.XLOOKUP(H112,$AM$4:$AM$18,$AP$4:$AP$18,""),0) -> 68 | U112: WIL | V112: =IFERROR(_xlfn.XLOOKUP(H112,$AM$4:$AM$18,$AO$4:$AO$18,""),"") -> Bone Bone
B113: 1 | C113: 000292 | D113: =I113&C113&_xlfn.XLOOKUP(H113,$AM$4:$AM$26,$AN$4:$AN$26,"") -> CPO000292JAS | E113: BH 8459 MY | F113: 004/CPO/JM-WINS/XII/2025 | G113: PT. JAS MULIA / 4 / 500 | H113: PT. JAS MULIA | I113: CPO | J113: =IF(MIN(L113,M113)<=5000,"6 Roda",IF(MIN(L113,M113)<=13800,"10 Roda","12 Roda")) -> 10 Roda | K113: 45973 | L113: 26600 | M113: 12120 | N113: 14480 | O113: 14450 | P113: 0.50138889 | Q113: 0.62708333 | R113: samsira | S113: ERWIN | T113: =IFERROR(_xlfn.XLOOKUP(H113,$AM$4:$AM$18,$AP$4:$AP$18,""),0) -> 68 | U113: WIL | V113: =IFERROR(_xlfn.XLOOKUP(H113,$AM$4:$AM$18,$AO$4:$AO$18,""),"") -> Bone Bone
B114: 1 | C114: 000293 | D114: =I114&C114&_xlfn.XLOOKUP(H114,$AM$4:$AM$26,$AN$4:$AN$26,"") -> CPO000293JAS | E114: B 1918 SXX | F114: 004/CPO/JM-WINS/XII/2025 | G114: PT. JAS MULIA / 4 / 500 | H114: PT. JAS MULIA | I114: CPO | J114: =IF(MIN(L114,M114)<=5000,"6 Roda",IF(MIN(L114,M114)<=13800,"10 Roda","12 Roda")) -> 10 Roda | K114: 45973 | L114: 26620 | M114: 11890 | N114: 14730 | O114: 14720 | P114: 0.50208333 | Q114: 0.62986111 | R114: samsira | S114: WALDI | T114: =IFERROR(_xlfn.XLOOKUP(H114,$AM$4:$AM$18,$AP$4:$AP$18,""),0) -> 68 | U114: WIL | V114: =IFERROR(_xlfn.XLOOKUP(H114,$AM$4:$AM$18,$AO$4:$AO$18,""),"") -> Bone Bone
B115: 1 | C115: 000294 | D115: =I115&C115&_xlfn.XLOOKUP(H115,$AM$4:$AM$26,$AN$4:$AN$26,"") -> CPO000294KMP | E115: DD 9236 XX | F115: KMP03112025 | G115: PT. KMP / 4 / 500 | H115: PT. KASMAR MATANO PERSADA | I115: CPO | J115: =IF(MIN(L115,M115)<=5000,"6 Roda",IF(MIN(L115,M115)<=13800,"10 Roda","12 Roda")) -> 12 Roda | K115: 45973 | L115: 45730 | M115: 17800 | N115: 27930 | O115: 27920 | P115: 0.63958333 | Q115: 0.68888889 | R115: samsira | S115: IBRAHIM | T115: =IFERROR(_xlfn.XLOOKUP(H115,$AM$4:$AM$18,$AP$4:$AP$18,""),0) -> 53 | U115: WIL | V115: =IFERROR(_xlfn.XLOOKUP(H115,$AM$4:$AM$18,$AO$4:$AO$18,""),"") -> Masamba
B116: 1 | C116: 000295 | D116: =I116&C116&_xlfn.XLOOKUP(H116,$AM$4:$AM$26,$AN$4:$AN$26,"") -> CPO000295KMP | E116: BM 8315 QO | F116: KMP03112025 | G116: PT. KMP / 4 / 500 | H116: PT. KASMAR MATANO PERSADA | I116: CPO | J116: =IF(MIN(L116,M116)<=5000,"6 Roda",IF(MIN(L116,M116)<=13800,"10 Roda","12 Roda")) -> 12 Roda | K116: 45973 | L116: 45540 | M116: 17590 | N116: 27950 | O116: 27900 | P116: 0.6625 | Q116: 0.71180556 | R116: samsira | S116: IQBAL | T116: =IFERROR(_xlfn.XLOOKUP(H116,$AM$4:$AM$18,$AP$4:$AP$18,""),0) -> 53 | U116: WIL | V116: =IFERROR(_xlfn.XLOOKUP(H116,$AM$4:$AM$18,$AO$4:$AO$18,""),"") -> Masamba
B117: 1 | C117: 000296 | D117: =I117&C117&_xlfn.XLOOKUP(H117,$AM$4:$AM$26,$AN$4:$AN$26,"") -> CPO000296JAS | E117: B 1918 SXX | F117: 004/CPO/JM-WINS/XII/2025 | G117: PT. JAS MULIA / 4 / 500 | H117: PT. JAS MULIA | I117: CPO | J117: =IF(MIN(L117,M117)<=5000,"6 Roda",IF(MIN(L117,M117)<=13800,"10 Roda","12 Roda")) -> 10 Roda | K117: 45973 | L117: 26590 | M117: 11820 | N117: 14770 | O117: 14700 | P117: 0.82361111 | Q117: 0.88194444 | R117: Datu | S117: WALDI | T117: =IFERROR(_xlfn.XLOOKUP(H117,$AM$4:$AM$18,$AP$4:$AP$18,""),0) -> 68 | U117: WIL | V117: =IFERROR(_xlfn.XLOOKUP(H117,$AM$4:$AM$18,$AO$4:$AO$18,""),"") -> Bone Bone
B118: 1 | C118: 000297 | D118: =I118&C118&_xlfn.XLOOKUP(H118,$AM$4:$AM$26,$AN$4:$AN$26,"") -> CPO000297JAS | E118: DD 8711 XX | F118: 004/CPO/JM-WINS/XII/2025 | G118: PT. JAS MULIA / 4 / 500 | H118: PT. JAS MULIA | I118: CPO | J118: =IF(MIN(L118,M118)<=5000,"6 Roda",IF(MIN(L118,M118)<=13800,"10 Roda","12 Roda")) -> 10 Roda | K118: 45973 | L118: 25100 | M118: 10820 | N118: 14280 | O118: 14210 | P118: 0.825 | Q118: 0.87638889 | R118: Datu | S118: RONI RAKAN | T118: =IFERROR(_xlfn.XLOOKUP(H118,$AM$4:$AM$18,$AP$4:$AP$18,""),0) -> 68 | U118: WIL | V118: =IFERROR(_xlfn.XLOOKUP(H118,$AM$4:$AM$18,$AO$4:$AO$18,""),"") -> Bone Bone
B119: 1 | C119: 000298 | D119: =I119&C119&_xlfn.XLOOKUP(H119,$AM$4:$AM$26,$AN$4:$AN$26,"") -> CPO000298JAS | E119: BH 8459 MY | F119: 004/CPO/JM-WINS/XII/2025 | G119: PT. JAS MULIA / 4 / 500 | H119: PT. JAS MULIA | I119: CPO | J119: =IF(MIN(L119,M119)<=5000,"6 Roda",IF(MIN(L119,M119)<=13800,"10 Roda","12 Roda")) -> 10 Roda | K119: 45973 | L119: 26570 | M119: 12080 | N119: 14490 | O119: 14430 | P119: 0.83472222 | Q119: 0.91666667 | R119: Datu | S119: ERWIN | T119: =IFERROR(_xlfn.XLOOKUP(H119,$AM$4:$AM$18,$AP$4:$AP$18,""),0) -> 68 | U119: WIL | V119: =IFERROR(_xlfn.XLOOKUP(H119,$AM$4:$AM$18,$AO$4:$AO$18,""),"") -> Bone Bone
B120: 1 | C120: 000023 | D120: =I120&C120&_xlfn.XLOOKUP(H120,$AM$4:$AM$26,$AN$4:$AN$26,"") -> CPO000023JAS | E120: DD 9236 XX | F120: 001/CPO/JM-WINS/XI/2025 | G120: PT. JAS MULIA / 1 / 512 | H120: PT. JAS MULIA | I120: CPO | J120: =IF(MIN(L120,M120)<=5000,"6 Roda",IF(MIN(L120,M120)<=13800,"10 Roda","12 Roda")) -> 12 Roda | K120: 45974 | L120: 45780 | M120: 17620 | N120: 28160 | O120: 28250 | P120: 0.99444444 | Q120: 0.059722222 | R120: samsira | S120: IBRAHIM | T120: =IFERROR(_xlfn.XLOOKUP(H120,$AM$4:$AM$18,$AP$4:$AP$18,""),0) -> 68 | U120: WIL | V120: =IFERROR(_xlfn.XLOOKUP(H120,$AM$4:$AM$18,$AO$4:$AO$18,""),"") -> Bone Bone
B121: 1 | C121: 000024 | D121: =I121&C121&_xlfn.XLOOKUP(H121,$AM$4:$AM$26,$AN$4:$AN$26,"") -> CPO000024JAS | E121: BM 8315 QO | F121: 001/CPO/JM-WINS/XI/2025 | G121: PT. JAS MULIA / 1 / 512 | H121: PT. JAS MULIA | I121: CPO | J121: =IF(MIN(L121,M121)<=5000,"6 Roda",IF(MIN(L121,M121)<=13800,"10 Roda","12 Roda")) -> 12 Roda | K121: 45974 | L121: 45850 | M121: 17640 | N121: 28210 | O121: 28150 | P121: 0.025 | Q121: 0.077777778 | R121: samsira | S121: IQBAL | T121: =IFERROR(_xlfn.XLOOKUP(H121,$AM$4:$AM$18,$AP$4:$AP$18,""),0) -> 68 | U121: WIL | V121: =IFERROR(_xlfn.XLOOKUP(H121,$AM$4:$AM$18,$AO$4:$AO$18,""),"") -> Bone Bone
... B151: 1 | C151: 000122 | D151: =I151&C151&_xlfn.XLOOKUP(H151,$AM$4:$AM$26,$AN$4:$AN$26,"") -> CPO000122KMP | E151: B 1918 SXX | F151: KMP01112025 | G151: PT. KMP / 2 / 500 | H151: PT. KASMAR MATANO PERSADA | I151: CPO | J151: =IF(MIN(L151,M151)<=5000,"6 Roda",IF(MIN(L151,M151)<=13800,"10 Roda","12 Roda")) -> 10 Roda | K151: 45979 | L151: 26550 | M151: 11710 | N151: 14840 | O151: 14780 | P151: 0.56944444 | Q151: 0.64652778 | R151: samsira | S151: WALDI | T151: =IFERROR(_xlfn.XLOOKUP(H151,$AM$4:$AM$18,$AP$4:$AP$18,""),0) -> 53 | U151: WIL | V151: =IFERROR(_xlfn.XLOOKUP(H151,$AM$4:$AM$18,$AO$4:$AO$18,""),"") -> Masamba
B152: 1 | C152: 000123 | D152: =I152&C152&_xlfn.XLOOKUP(H152,$AM$4:$AM$26,$AN$4:$AN$26,"") -> CPO000123PN | E152: BH 8459 MY | F152: 249/KPBN/TRD/CPO-L/WINS/XI/2025 | G152: PT. PN / 2 / 100 | H152: PT. PERKEBUNAN NUSANTARA | I152: CPO | J152: =IF(MIN(L152,M152)<=5000,"6 Roda",IF(MIN(L152,M152)<=13800,"10 Roda","12 Roda")) -> 10 Roda | K152: 45983 | L152: 26420 | M152: 12120 | N152: 14300 | O152: 14260 | P152: 0.58263889 | Q152: 0.64861111 | R152: samsira | S152: ERWIN | T152: =IFERROR(_xlfn.XLOOKUP(H152,$AM$4:$AM$18,$AP$4:$AP$18,""),0) -> 99 | V152: =IFERROR(_xlfn.XLOOKUP(H152,$AM$4:$AM$18,$AO$4:$AO$18,""),"") -> Burau
B153: 1 | C153: 000124 | D153: =I153&C153&_xlfn.XLOOKUP(H153,$AM$4:$AM$26,$AN$4:$AN$26,"") -> CPO000124PN | E153: B 1918 SXX | F153: 249/KPBN/TRD/CPO-L/WINS/XI/2025 | G153: PT. PN / 2 / 100 | H153: PT. PERKEBUNAN NUSANTARA | I153: CPO | J153: =IF(MIN(L153,M153)<=5000,"6 Roda",IF(MIN(L153,M153)<=13800,"10 Roda","12 Roda")) -> 10 Roda | K153: 45983 | L153: 26300 | M153: 11690 | N153: 14610 | O153: 14620 | P153: 0.58888889 | Q153: 0.66111111 | R153: samsira | S153: WALDI | T153: =IFERROR(_xlfn.XLOOKUP(H153,$AM$4:$AM$18,$AP$4:$AP$18,""),0) -> 99 | V153: =IFERROR(_xlfn.XLOOKUP(H153,$AM$4:$AM$18,$AO$4:$AO$18,""),"") -> Burau
B154: 1 | C154: 000125 | D154: =I154&C154&_xlfn.XLOOKUP(H154,$AM$4:$AM$26,$AN$4:$AN$26,"") -> CPO000125PN | E154: DD 8711 XX | F154: 249/KPBN/TRD/CPO-L/WINS/XI/2025 | G154: PT. PN / 2 / 100 | H154: PT. PERKEBUNAN NUSANTARA | I154: CPO | J154: =IF(MIN(L154,M154)<=5000,"6 Roda",IF(MIN(L154,M154)<=13800,"10 Roda","12 Roda")) -> 10 Roda | K154: 45983 | L154: 24860 | M154: 10810 | N154: 14050 | O154: 13990 | P154: 0.60694444 | Q154: 0.68125 | R154: samsira | S154: RONI RAKAN | T154: =IFERROR(_xlfn.XLOOKUP(H154,$AM$4:$AM$18,$AP$4:$AP$18,""),0) -> 99 | V154: =IFERROR(_xlfn.XLOOKUP(H154,$AM$4:$AM$18,$AO$4:$AO$18,""),"") -> Burau
B155: 1 | C155: 000126 | D155: =I155&C155&_xlfn.XLOOKUP(H155,$AM$4:$AM$26,$AN$4:$AN$26,"") -> CPO000126PN | E155: BH 8459 MY | F155: 249/KPBN/TRD/CPO-L/WINS/XI/2025 | G155: PT. PN / 2 / 100 | H155: PT. PERKEBUNAN NUSANTARA | I155: CPO | J155: =IF(MIN(L155,M155)<=5000,"6 Roda",IF(MIN(L155,M155)<=13800,"10 Roda","12 Roda")) -> 10 Roda | K155: 45983 | L155: 26500 | M155: 12160 | N155: 14340 | O155: 14410 | P155: 0.72986111 | Q155: 0.78194444 | R155: samsira | S155: ERWIN | T155: =IFERROR(_xlfn.XLOOKUP(H155,$AM$4:$AM$18,$AP$4:$AP$18,""),0) -> 99 | V155: =IFERROR(_xlfn.XLOOKUP(H155,$AM$4:$AM$18,$AO$4:$AO$18,""),"") -> Burau
B156: 1 | C156: 000127 | D156: =I156&C156&_xlfn.XLOOKUP(H156,$AM$4:$AM$26,$AN$4:$AN$26,"") -> CPO000127PN | E156: B 1918 SXX | F156: 249/KPBN/TRD/CPO-L/WINS/XI/2025 | G156: PT. PN / 2 / 100 | H156: PT. PERKEBUNAN NUSANTARA | I156: CPO | J156: =IF(MIN(L156,M156)<=5000,"6 Roda",IF(MIN(L156,M156)<=13800,"10 Roda","12 Roda")) -> 10 Roda | K156: 45983 | L156: 26320 | M156: 11700 | N156: 14620 | O156: 14660 | P156: 0.75833333 | Q156: 0.80416667 | R156: samsira | S156: WALDI | T156: =IFERROR(_xlfn.XLOOKUP(H156,$AM$4:$AM$18,$AP$4:$AP$18,""),0) -> 99 | V156: =IFERROR(_xlfn.XLOOKUP(H156,$AM$4:$AM$18,$AO$4:$AO$18,""),"") -> Burau
B157: 1 | C157: 000128 | D157: =I157&C157&_xlfn.XLOOKUP(H157,$AM$4:$AM$26,$AN$4:$AN$26,"") -> CPO000128PN | E157: DD 8711 XX | F157: 249/KPBN/TRD/CPO-L/WINS/XI/2025 | G157: PT. PN / 2 / 100 | H157: PT. PERKEBUNAN NUSANTARA | I157: CPO | J157: =IF(MIN(L157,M157)<=5000,"6 Roda",IF(MIN(L157,M157)<=13800,"10 Roda","12 Roda")) -> 10 Roda | K157: 45983 | L157: 24890 | M157: 10830 | N157: 14060 | O157: 14100 | P157: 0.77569444 | Q157: 0.85833333 | R157: samsira | S157: RONI RAKAN | T157: =IFERROR(_xlfn.XLOOKUP(H157,$AM$4:$AM$18,$AP$4:$AP$18,""),0) -> 99 | V157: =IFERROR(_xlfn.XLOOKUP(H157,$AM$4:$AM$18,$AO$4:$AO$18,""),"") -> Burau
B158: 1 | C158: 000129 | D158: =I158&C158&_xlfn.XLOOKUP(H158,$AM$4:$AM$26,$AN$4:$AN$26,"") -> CPO000129PN | E158: B 1918 SXX | F158: 249/KPBN/TRD/CPO-L/WINS/XI/2025 | G158: PT. PN / 2 / 100 | H158: PT. PERKEBUNAN NUSANTARA | I158: CPO | J158: =IF(MIN(L158,M158)<=5000,"6 Roda",IF(MIN(L158,M158)<=13800,"10 Roda","12 Roda")) -> 10 Roda | K158: 45983 | L158: 26440 | M158: 11700 | N158: 14740 | O158: 14750 | P158: 0.92569444 | Q158: 0.97152778 | R158: samsira | S158: WALDI | T158: =IFERROR(_xlfn.XLOOKUP(H158,$AM$4:$AM$18,$AP$4:$AP$18,""),0) -> 99 | V158: =IFERROR(_xlfn.XLOOKUP(H158,$AM$4:$AM$18,$AO$4:$AO$18,""),"") -> Burau
B159: 1 | C159: 000130 | D159: =I159&C159&_xlfn.XLOOKUP(H159,$AM$4:$AM$26,$AN$4:$AN$26,"") -> CPO000130JAS | E159: DD 8711 XX | F159: 002/CPO/JM-WINS/XI/2025 | G159: PT. JAS MULIA / 2 / 500 | H159: PT. JAS MULIA | I159: CPO | J159: =IF(MIN(L159,M159)<=5000,"6 Roda",IF(MIN(L159,M159)<=13800,"10 Roda","12 Roda")) -> 10 Roda | K159: 45988 | L159: 25050 | M159: 10970 | N159: 14080 | O159: 14220 | P159: 0.40069444 | Q159: 0.45694444 | R159: samsira | S159: RONI RAKAN | T159: =IFERROR(_xlfn.XLOOKUP(H159,$AM$4:$AM$18,$AP$4:$AP$18,""),0) -> 68 | U159: WIL | V159: =IFERROR(_xlfn.XLOOKUP(H159,$AM$4:$AM$18,$AO$4:$AO$18,""),"") -> Bone Bone
B160: 1 | C160: 000131 | D160: =I160&C160&_xlfn.XLOOKUP(H160,$AM$4:$AM$26,$AN$4:$AN$26,"") -> CPO000131JAS | E160: BH 8459 MY | F160: 002/CPO/JM-WINS/XI/2025 | G160: PT. JAS MULIA / 2 / 500 | H160: PT. JAS MULIA | I160: CPO | J160: =IF(MIN(L160,M160)<=5000,"6 Roda",IF(MIN(L160,M160)<=13800,"10 Roda","12 Roda")) -> 10 Roda | K160: 45988 | L160: 26600 | M160: 12100 | N160: 14500 | O160: 14460 | P160: 0.40902778 | Q160: 0.48263889 | R160: samsira | S160: ERWIN | T160: =IFERROR(_xlfn.XLOOKUP(H160,$AM$4:$AM$18,$AP$4:$AP$18,""),0) -> 68 | U160: WIL | V160: =IFERROR(_xlfn.XLOOKUP(H160,$AM$4:$AM$18,$AO$4:$AO$18,""),"") -> Bone Bone
B161: 1 | C161: 000132 | D161: =I161&C161&_xlfn.XLOOKUP(H161,$AM$4:$AM$26,$AN$4:$AN$26,"") -> CPO000132KMP | E161: BM 8315 QO | F161: KMP02112025 | G161: PT. KMP / 3 / 500 | H161: PT. KASMAR MATANO PERSADA | I161: CPO | J161: =IF(MIN(L161,M161)<=5000,"6 Roda",IF(MIN(L161,M161)<=13800,"10 Roda","12 Roda")) -> 12 Roda | K161: 45988 | L161: 45680 | M161: 17530 | N161: 28150 | O161: 28200 | P161: 0.43333333 | Q161: 0.55069444 | R161: samsira | S161: IQBAL | T161: =IFERROR(_xlfn.XLOOKUP(H161,$AM$4:$AM$18,$AP$4:$AP$18,""),0) -> 53 | U161: WIL | V161: =IFERROR(_xlfn.XLOOKUP(H161,$AM$4:$AM$18,$AO$4:$AO$18,""),"") -> Masamba
B162: 1 | C162: 000133 | D162: =I162&C162&_xlfn.XLOOKUP(H162,$AM$4:$AM$26,$AN$4:$AN$26,"") -> CPO000133KMP | E162: DD 9236 XX | F162: KMP02112025 | G162: PT. KMP / 3 / 500 | H162: PT. KASMAR MATANO PERSADA | I162: CPO | J162: =IF(MIN(L162,M162)<=5000,"6 Roda",IF(MIN(L162,M162)<=13800,"10 Roda","12 Roda")) -> 12 Roda | K162: 45988 | L162: 45570 | M162: 17450 | N162: 28120 | O162: 28140 | P162: 0.54444444 | Q162: 0.61944444 | R162: samsira | S162: IBRAHIM | T162: =IFERROR(_xlfn.XLOOKUP(H162,$AM$4:$AM$18,$AP$4:$AP$18,""),0) -> 53 | U162: WIL | V162: =IFERROR(_xlfn.XLOOKUP(H162,$AM$4:$AM$18,$AO$4:$AO$18,""),"") -> Masamba
B163: 1 | C163: 000134 | D163: =I163&C163&_xlfn.XLOOKUP(H163,$AM$4:$AM$26,$AN$4:$AN$26,"") -> CPO000134JAS | E163: B 1918 SXX | F163: 002/CPO/JM-WINS/XI/2025 | G163: PT. JAS MULIA / 2 / 500 | H163: PT. JAS MULIA | I163: CPO | J163: =IF(MIN(L163,M163)<=5000,"6 Roda",IF(MIN(L163,M163)<=13800,"10 Roda","12 Roda")) -> 10 Roda | K163: 45988 | L163: 26610 | M163: 11760 | N163: 14850 | O163: 14800 | P163: 0.54583333 | Q163: 0.6125 | R163: samsira | S163: WALDI | T163: =IFERROR(_xlfn.XLOOKUP(H163,$AM$4:$AM$18,$AP$4:$AP$18,""),0) -> 68 | U163: WIL | V163: =IFERROR(_xlfn.XLOOKUP(H163,$AM$4:$AM$18,$AO$4:$AO$18,""),"") -> Bone Bone
B164: 1 | C164: 000135 | D164: =I164&C164&_xlfn.XLOOKUP(H164,$AM$4:$AM$26,$AN$4:$AN$26,"") -> CPO000135KMP | E164: BM 8315 QO | F164: KMP02112025 | G164: PT. KMP / 3 / 500 | H164: PT. KASMAR MATANO PERSADA | I164: CPO | J164: =IF(MIN(L164,M164)<=5000,"6 Roda",IF(MIN(L164,M164)<=13800,"10 Roda","12 Roda")) -> 12 Roda | K164: 45988 | L164: 45470 | M164: 17490 | N164: 27980 | O164: 28020 | P164: 0.70277778 | Q164: 0.78819444 | R164: Datu | S164: IQBAL | T164: =IFERROR(_xlfn.XLOOKUP(H164,$AM$4:$AM$18,$AP$4:$AP$18,""),0) -> 53 | U164: WIL | V164: =IFERROR(_xlfn.XLOOKUP(H164,$AM$4:$AM$18,$AO$4:$AO$18,""),"") -> Masamba
B165: 1 | C165: 000136 | D165: =I165&C165&_xlfn.XLOOKUP(H165,$AM$4:$AM$26,$AN$4:$AN$26,"") -> CPO000136JAS | E165: DD 8711 XX | F165: 002/CPO/JM-WINS/XI/2025 | G165: PT. JAS MULIA / 2 / 500 | H165: PT. JAS MULIA | I165: CPO | J165: =IF(MIN(L165,M165)<=5000,"6 Roda",IF(MIN(L165,M165)<=13800,"10 Roda","12 Roda")) -> 10 Roda | K165: 45988 | L165: 25150 | M165: 10900 | N165: 14250 | O165: 14020 | P165: 0.72569444 | Q165: 0.81805556 | R165: Datu | S165: RONI RAKAN | T165: =IFERROR(_xlfn.XLOOKUP(H165,$AM$4:$AM$18,$AP$4:$AP$18,""),0) -> 68 | U165: WIL | V165: =IFERROR(_xlfn.XLOOKUP(H165,$AM$4:$AM$18,$AO$4:$AO$18,""),"") -> Bone Bone
B166: 1 | C166: 000137 | D166: =I166&C166&_xlfn.XLOOKUP(H166,$AM$4:$AM$26,$AN$4:$AN$26,"") -> CPO000137JAS | E166: BH 8459 MY | F166: 002/CPO/JM-WINS/XI/2025 | G166: PT. JAS MULIA / 2 / 500 | H166: PT. JAS MULIA | I166: CPO | J166: =IF(MIN(L166,M166)<=5000,"6 Roda",IF(MIN(L166,M166)<=13800,"10 Roda","12 Roda")) -> 10 Roda | K166: 45988 | L166: 26730 | M166: 12240 | N166: 14490 | O166: 14450 | P166: 0.74444444 | Q166: 0.82708333 | R166: Datu | S166: ERWIN | T166: =IFERROR(_xlfn.XLOOKUP(H166,$AM$4:$AM$18,$AP$4:$AP$18,""),0) -> 68 | U166: WIL | V166: =IFERROR(_xlfn.XLOOKUP(H166,$AM$4:$AM$18,$AO$4:$AO$18,""),"") -> Bone Bone
B167: 1 | C167: 000138 | D167: =I167&C167&_xlfn.XLOOKUP(H167,$AM$4:$AM$26,$AN$4:$AN$26,"") -> CPO000138KMP | E167: DD 9236 XX | F167: KMP02112025 | G167: PT. KMP / 3 / 500 | H167: PT. KASMAR MATANO PERSADA | I167: CPO | J167: =IF(MIN(L167,M167)<=5000,"6 Roda",IF(MIN(L167,M167)<=13800,"10 Roda","12 Roda")) -> 12 Roda | K167: 45988 | L167: 45650 | M167: 17430 | N167: 28220 | O167: 28280 | P167: 0.76944444 | Q167: 0.81041667 | R167: Datu | S167: IBRAHIM | T167: =IFERROR(_xlfn.XLOOKUP(H167,$AM$4:$AM$18,$AP$4:$AP$18,""),0) -> 53 | U167: WIL | V167: =IFERROR(_xlfn.XLOOKUP(H167,$AM$4:$AM$18,$AO$4:$AO$18,""),"") -> Masamba
B168: 1 | C168: 000139 | D168: =I168&C168&_xlfn.XLOOKUP(H168,$AM$4:$AM$26,$AN$4:$AN$26,"") -> CPO000139JAS | E168: B 1918 SXX | F168: 002/CPO/JM-WINS/XI/2025 | G168: PT. JAS MULIA / 2 / 500 | H168: PT. JAS MULIA | I168: CPO | J168: =IF(MIN(L168,M168)<=5000,"6 Roda",IF(MIN(L168,M168)<=13800,"10 Roda","12 Roda")) -> 10 Roda | K168: 45988 | L168: 26550 | M168: 11720 | N168: 14830 | O168: 14770 | P168: 0.81458333 | Q168: 0.84791667 | R168: Datu | S168: WALDI | T168: =IFERROR(_xlfn.XLOOKUP(H168,$AM$4:$AM$18,$AP$4:$AP$18,""),0) -> 68 | U168: WIL | V168: =IFERROR(_xlfn.XLOOKUP(H168,$AM$4:$AM$18,$AO$4:$AO$18,""),"") -> Bone Bone
B169: 1 | C169: 000031 | D169: =I169&C169&_xlfn.XLOOKUP(H169,$AM$4:$AM$26,$AN$4:$AN$26,"") -> CPO000031KMP | E169: DD 9236 XX | F169: KMP02112025 | G169: PT. KMP / 3 / 500 | H169: PT. KASMAR MATANO PERSADA | I169: CPO | J169: =IF(MIN(L169,M169)<=5000,"6 Roda",IF(MIN(L169,M169)<=13800,"10 Roda","12 Roda")) -> 12 Roda | K169: 45989 | L169: 45830 | M169: 17570 | N169: 28260 | O169: 28260 | P169: 0.71458333 | Q169: 0.78402778 | R169: Datu | S169: IBRAHIM | T169: =IFERROR(_xlfn.XLOOKUP(H169,$AM$4:$AM$18,$AP$4:$AP$18,""),0) -> 53 | U169: WIL | V169: =IFERROR(_xlfn.XLOOKUP(H169,$AM$4:$AM$18,$AO$4:$AO$18,""),"") -> Masamba
B170: 1 | C170: 000033 | D170: =I170&C170&_xlfn.XLOOKUP(H170,$AM$4:$AM$26,$AN$4:$AN$26,"") -> CPO000033KMP | E170: BM 8315 QO | F170: KMP02112025 | G170: PT. KMP / 3 / 500 | H170: PT. KASMAR MATANO PERSADA | I170: CPO | J170: =IF(MIN(L170,M170)<=5000,"6 Roda",IF(MIN(L170,M170)<=13800,"10 Roda","12 Roda")) -> 12 Roda | K170: 45989 | L170: 45690 | M170: 17580 | N170: 28110 | O170: 28100 | P170: 0.73611111 | Q170: 0.78819444 | R170: Datu | S170: IQBAL | T170: =IFERROR(_xlfn.XLOOKUP(H170,$AM$4:$AM$18,$AP$4:$AP$18,""),0) -> 53 | U170: WIL | V170: =IFERROR(_xlfn.XLOOKUP(H170,$AM$4:$AM$18,$AO$4:$AO$18,""),"") -> Masamba
B171: 1 | C171: 000037 | D171: =I171&C171&_xlfn.XLOOKUP(H171,$AM$4:$AM$26,$AN$4:$AN$26,"") -> CPO000037KMP | E171: DD 9236 XX | F171: KMP02112025 | G171: PT. KMP / 3 / 500 | H171: PT. KASMAR MATANO PERSADA | I171: CPO | J171: =IF(MIN(L171,M171)<=5000,"6 Roda",IF(MIN(L171,M171)<=13800,"10 Roda","12 Roda")) -> 12 Roda | K171: 45989 | L171: 45680 | M171: 17550 | N171: 28130 | O171: 28180 | P171: 0.92916667 | Q171: 0.96111111 | R171: Datu | S171: IBRAHIM | T171: =IFERROR(_xlfn.XLOOKUP(H171,$AM$4:$AM$18,$AP$4:$AP$18,""),0) -> 53 | U171: WIL | V171: =IFERROR(_xlfn.XLOOKUP(H171,$AM$4:$AM$18,$AO$4:$AO$18,""),"") -> Masamba
...

Sheet Efisiensi Armada
O1: [Helper - Daftar Lokasi]
O2: Bone Bone
B3: A. ESTIMASI TEKNIS KENDARAAN | O3: Burau
B4: Parameter | C4: 6 Roda | D4: 10 Roda | E4: 12 Roda | F4: Satuan | O4: Gowa
B5: Kapasitas Muat Maks Aktual (per lokasi pilihan) | C5: =IFERROR(IF($B$11="(Semua Lokasi)",_xlfn.MAXIFS(Database!$N$4:$N$1256,Database!$J$4:$J$1256,"6 Roda"),_xlfn.MAXIFS(Database!$N$4:$N$1256,Database!$J$4:$J$1256,"6 Roda",Database!$V$4:$V$1256,$B$11)),0) -> 28440 | D5: =IFERROR(IF($B$11="(Semua Lokasi)",_xlfn.MAXIFS(Database!$N$4:$N$1256,Database!$J$4:$J$1256,"10 Roda"),_xlfn.MAXIFS(Database!$N$4:$N$1256,Database!$J$4:$J$1256,"10 Roda",Database!$V$4:$V$1256,$B$11)),0) -> 20510 | E5: =IFERROR(IF($B$11="(Semua Lokasi)",_xlfn.MAXIFS(Database!$N$4:$N$1256,Database!$J$4:$J$1256,"12 Roda"),_xlfn.MAXIFS(Database!$N$4:$N$1256,Database!$J$4:$J$1256,"12 Roda",Database!$V$4:$V$1256,$B$11)),0) -> 28960 | F5: Kg (maks aktual) | O5: Makassar
B6: Solar PP — 12 Roda (Liter/trip) | C6: =IFERROR(IF($B$11="(Semua Lokasi)",AVERAGEIF(Database!$AR$4:$AR$18,">"&0)/$N$6+AVERAGEIF(Database!$AR$4:$AR$18,">"&0)/$N$7,_xlfn.XLOOKUP($B$11,Database!$AO$4:$AO$18,Database!$AR$4:$AR$18,0,0)/$N$6+_xlfn.XLOOKUP($B$11,Database!$AO$4:$AO$18,Database!$AR$4:$AR$18,0,0)/$N$7),0) -> 258.88831 | D6: =IFERROR(IF($B$11="(Semua Lokasi)",AVERAGEIF(Database!$AZ$4:$AZ$18,">"&0),IF(_xlfn.XLOOKUP($B$11,Database!$AO$4:$AO$18,Database!$AZ$4:$AZ$18,0,0)>0,_xlfn.XLOOKUP($B$11,Database!$AO$4:$AO$18,Database!$AZ$4:$AZ$18,0,0),IFERROR(AVERAGEIFS(Database!$T$4:$T$1256,Database!$J$4:$J$1256,"10 Roda",Database!$V$4:$V$1256,$B$11)*2/$N$8,0))),0) -> 296.11111 | E6: =IFERROR(IF($B$11="(Semua Lokasi)",AVERAGEIF(Database!$AX$4:$AX$18,">"&0),IF(_xlfn.XLOOKUP($B$11,Database!$AO$4:$AO$18,Database!$AX$4:$AX$18,0,0)>0,_xlfn.XLOOKUP($B$11,Database!$AO$4:$AO$18,Database!$AX$4:$AX$18,0,0),IFERROR(AVERAGEIFS(Database!$T$4:$T$1256,Database!$J$4:$J$1256,"12 Roda",Database!$V$4:$V$1256,$B$11)*2/$N$10,0))),0) -> 333.88889 | F6: Liter (PP aktual / estimasi) | M6: [Helper km/L] | N6: 5 | O6: Masamba
B7: Kecepatan Rata-rata | C7: 50 | D7: 50 | E7: 50 | F7: Km/Jam | M7: 10R bermuatan | N7: 7 | O7: Pomala
B8: Harga Solar (estimasi) | C8: 10600 | D8: 10600 | E8: 10600 | F8: Rp/Liter | M8: 10R kosong | N8: 4 | O8: Siumbatu
M9: 12R bermuatan | N9: 6 | O9: Torobulu
M10: 12R kosong | N10: 3
B11: (Semua Lokasi) | N11: 5
B12: B. RINGKASAN PER JENIS TRUK
B13: KPI | C13: 6 Roda | D13: 10 Roda | E13: 12 Roda | F13: Satuan
B14: Total Trip (dari Database) | C14: =COUNTIFS(Database!$J$4:$J$1256,"6 Roda",Database!$V$4:$V$1256,IF($B$11="(Semua Lokasi)","*",$B$11)) -> 659 | D14: =COUNTIFS(Database!$J$4:$J$1256,"10 Roda",Database!$V$4:$V$1256,IF($B$11="(Semua Lokasi)","*",$B$11)) -> 334 | E14: =COUNTIFS(Database!$J$4:$J$1256,"12 Roda",Database!$V$4:$V$1256,IF($B$11="(Semua Lokasi)","*",$B$11)) -> 249 | F14: Trip
B15: Total Netto Terkirim (Kg) | C15: =SUMIFS(Database!$N$4:$N$1256,Database!$J$4:$J$1256,"6 Roda",Database!$V$4:$V$1256,IF($B$11="(Semua Lokasi)","*",$B$11)) -> 6283400 | D15: =SUMIFS(Database!$N$4:$N$1256,Database!$J$4:$J$1256,"10 Roda",Database!$V$4:$V$1256,IF($B$11="(Semua Lokasi)","*",$B$11)) -> 4843040 | E15: =SUMIFS(Database!$N$4:$N$1256,Database!$J$4:$J$1256,"12 Roda",Database!$V$4:$V$1256,IF($B$11="(Semua Lokasi)","*",$B$11)) -> 6969570 | F15: Kg
B16: Avg Netto / Trip (Kg) | C16: =IFERROR(C15/C14,0) -> 9534.7496 | D16: =IFERROR(D15/D14,0) -> 14500.12 | E16: =IFERROR(E15/E14,0) -> 27990.241 | F16: Kg
B17: Kapasitas Maksimum (Kg) | C17: =C5 -> 28440 | D17: =D5 -> 20510 | E17: =E5 -> 28960 | F17: Kg
B18: Utilisasi Kapasitas (%) | C18: =IFERROR(C16/C17,0) -> 0.33525843 | D18: =IFERROR(D16/D17,0) -> 0.70697805 | E18: =IFERROR(E16/E17,0) -> 0.96651385 | F18: %
B19: Avg Jarak per Trip (Km) | C19: =IFERROR(AVERAGEIFS(Database!$T$4:$T$1256,Database!$J$4:$J$1256,"6 Roda",Database!$V$4:$V$1256,IF($B$11="(Semua Lokasi)","*",$B$11),Database!$T$4:$T$1256,">"&0),0) -> 422.54947 | D19: =IFERROR(AVERAGEIFS(Database!$T$4:$T$1256,Database!$J$4:$J$1256,"10 Roda",Database!$V$4:$V$1256,IF($B$11="(Semua Lokasi)","*",$B$11),Database!$T$4:$T$1256,">"&0),0) -> 94.431138 | E19: =IFERROR(AVERAGEIFS(Database!$T$4:$T$1256,Database!$J$4:$J$1256,"12 Roda",Database!$V$4:$V$1256,IF($B$11="(Semua Lokasi)","*",$B$11),Database!$T$4:$T$1256,">"&0),0) -> 96.646586 | F19: Km
B20: Est. Durasi Perjalanan Pulang-Pergi (Jam) | C20: =IFERROR(IF($B$11="(Semua Lokasi)",AVERAGEIF(Database!$AR$4:$AR$18,">"&0)/C7,_xlfn.XLOOKUP($B$11,Database!$AO$4:$AO$18,Database!$AR$4:$AR$18,0,0)/C7),0) -> 15.101818 | D20: =IFERROR(IF($B$11="(Semua Lokasi)",AVERAGEIF(Database!$AR$4:$AR$18,">"&0)/D7,_xlfn.XLOOKUP($B$11,Database!$AO$4:$AO$18,Database!$AR$4:$AR$18,0,0)/D7),0) -> 15.101818 | E20: =IFERROR(IF($B$11="(Semua Lokasi)",AVERAGEIF(Database!$AR$4:$AR$18,">"&0)/E7,_xlfn.XLOOKUP($B$11,Database!$AO$4:$AO$18,Database!$AR$4:$AR$18,0,0)/E7),0) -> 15.101818
B21: Est. Solar Pergi — Bermuatan (L/Trip) | C21: =IFERROR(C6*(1/$N$6)/((1/$N$6)+(1/$N$7)),0) -> 151.01818 | D21: =IFERROR(D6*(1/$N$8)/((1/$N$8)+(1/$N$9)),0) -> 177.66667 | E21: =IFERROR(E6*(1/$N$10)/((1/$N$10)+(1/$N$11)),0) -> 208.68056 | F21: Liter
B22: Est. Solar Balik — Kosong/Ringan (L/Trip) | C22: =IFERROR(C6-C21,0) -> 107.87013 | D22: =IFERROR(D6-D21,0) -> 118.44444 | E22: =IFERROR(E6-E21,0) -> 125.20833 | F22: Liter
B23: Est. Total Solar PP / Trip (Liter) | C23: =C6 -> 258.88831 | D23: =D6 -> 296.11111 | E23: =E6 -> 333.88889 | F23: Liter
B24: Est. Biaya Solar PP / Trip (Rp) | C24: =C23*C8 -> 2744216.1 | D24: =D23*D8 -> 3138777.8 | E24: =E23*E8 -> 3539222.2 | F24: Rp
C25: =C24*C8 -> 2.9088691e+10 | D25: =D24*D8 -> 3.3271044e+10 | E25: =E24*E8 -> 3.7515756e+10
B27: C. ESTIMASI TOTAL BIAYA SOLAR
B28: Komponen | C28: 6 Roda | D28: 10 Roda | E28: 12 Roda | F28: Total Gabungan
B29: Total Jarak Tempuh (Km) | C29: =SUMIFS(Database!$T$4:$T$1256,Database!$J$4:$J$1256,"6 Roda",Database!$T$4:$T$1256,">"&0) -> 277615 | D29: =SUMIFS(Database!$T$4:$T$1256,Database!$J$4:$J$1256,"10 Roda",Database!$T$4:$T$1256,">"&0) -> 31540 | E29: =SUMIFS(Database!$T$4:$T$1256,Database!$J$4:$J$1256,"12 Roda",Database!$T$4:$T$1256,">"&0) -> 24065 | F29: =SUM(C29:E29) -> 333220
B30: Est. Solar Total — Bermuatan (Liter) | C30: =IFERROR(C29/$N$6,0) -> 55523 | D30: {=IFERROR(SUMPRODUCT((COUNTIFS(Database!$J$4:$J$1256,"10 Roda",Database!$V$4:$V$1256,Database!$AO$4:$AO$18))*(Database!$AZ$4:$AZ$18))*((1/$N$7)/((1/$N$7)+(1/$N$8))),0)} -> 9483.6364 | E30: {=IFERROR(SUMPRODUCT((COUNTIFS(Database!$J$4:$J$1256,"12 Roda",Database!$V$4:$V$1256,Database!$AO$4:$AO$18))*(Database!$AX$4:$AX$18))*((1/$N$9)/((1/$N$9)+(1/$N$10))),0)} -> 9648.3333 | F30: =SUM(C30:E30) -> 74654.97
B31: Est. Solar Total — Kosong/Balik (Liter) | C31: =IFERROR(C29/#REF!,0) -> 0 | D31: {=IFERROR(SUMPRODUCT((COUNTIFS(Database!$J$4:$J$1256,"10 Roda",Database!$V$4:$V$1256,Database!$AO$4:$AO$18))*(Database!$AZ$4:$AZ$18))*(1-((1/$N$7)/((1/$N$7)+(1/$N$8)))),0)} -> 16596.364 | E31: {=IFERROR(SUMPRODUCT((COUNTIFS(Database!$J$4:$J$1256,"12 Roda",Database!$V$4:$V$1256,Database!$AO$4:$AO$18))*(Database!$AX$4:$AX$18))*(1-((1/$N$9)/((1/$N$9)+(1/$N$10)))),0)} -> 19296.667 | F31: =SUM(C31:E31) -> 35893.03
B32: Total Solar Konsumsi (Liter) | C32: =C30+C31 -> 55523 | D32: =D30+D31 -> 26080 | E32: =E30+E31 -> 28945 | F32: =SUM(C32:E32) -> 110548
B33: Est. Biaya Solar (Rp) | C33: =C32*C8 -> 588543800 | D33: =D32*D8 -> 276448000 | E33: =E32*E8 -> 306817000 | F33: =SUM(C33:E33) -> 1171808800
B34: Biaya Solar / Kg Netto (Rp) | C34: =IFERROR(C33/C15,0) -> 93.666454 | D34: =IFERROR(D33/D15,0) -> 57.081503 | E34: =IFERROR(E33/E15,0) -> 44.022372 | F34: =IFERROR(F33/SUM(C15:E15),0) -> 64.755092
B35: Biaya Solar / Trip (Rp) | C35: =IFERROR(C33/C14,0) -> 893086.19 | D35: =IFERROR(D33/D14,0) -> 827688.62 | E35: =IFERROR(E33/E14,0) -> 1232196.8 | F35: =IFERROR(F33/SUM(C14:E14),0) -> 943485.35
B38: D. EFISIENSI PER LOKASI TUJUAN
B40: Lokasi | C40: Jarak (Km) | D40: Jenis Truk | E40: Total Trip | F40: Avg Netto (Kg) | G40: Utilisasi (%) | H40: Solar Pergi – Bermuatan (L) | I40: Solar Balik – Kosong (L) | J40: Total Solar PP (L) | K40: Netto/Liter Solar (Kg/L) | L40: Biaya Solar/Ton (Rp)
B41: Bone Bone | C41: 68 | D41: 6 Roda | E41: =COUNTIFS(Database!$J$4:$J$1256,"6 Roda",Database!$V$4:$V$1256,"Bone Bone") -> 78 | F41: =IFERROR(AVERAGEIFS(Database!$N$4:$N$1256,Database!$J$4:$J$1256,"6 Roda",Database!$V$4:$V$1256,"Bone Bone"),0) -> 9827.6923 | G41: =IFERROR(F41/$C5,0) -> 0.3455588 | H41: =IFERROR(C41/$C$6,0) -> 0.26266153 | I41: =IFERROR(C41/#REF!,0) -> 0 | J41: =H41+I41 -> 0.26266153 | K41: =IFERROR(F41/J41,0) -> 37415.804 | L41: =IFERROR((J41*$C8)/(F41/1000),0) -> 283.30275
B42: Bone Bone | C42: 68 | D42: 10 Roda | E42: =COUNTIFS(Database!$J$4:$J$1256,"10 Roda",Database!$V$4:$V$1256,"Bone Bone") -> 177 | F42: =IFERROR(AVERAGEIFS(Database!$N$4:$N$1256,Database!$J$4:$J$1256,"10 Roda",Database!$V$4:$V$1256,"Bone Bone"),0) -> 14645.763 | G42: =IFERROR(F42/$D5,0) -> 0.71407912 | H42: =IFERROR(C42/$D$6,0) -> 0.22964353 | I42: =IFERROR(C42/#REF!,0) -> 0 | J42: =H42+I42 -> 0.22964353 | K42: =IFERROR(F42/J42,0) -> 63776.075 | L42: =IFERROR((J42*$D8)/(F42/1000),0) -> 166.20653
B43: Bone Bone | C43: 68 | D43: 12 Roda | E43: =COUNTIFS(Database!$J$4:$J$1256,"12 Roda",Database!$V$4:$V$1256,"Bone Bone") -> 95 | F43: =IFERROR(AVERAGEIFS(Database!$N$4:$N$1256,Database!$J$4:$J$1256,"12 Roda",Database!$V$4:$V$1256,"Bone Bone"),0) -> 27878.842 | G43: =IFERROR(F43/$E5,0) -> 0.9626672 | H43: =IFERROR(C43/$E$6,0) -> 0.20366057 | I43: =IFERROR(C43/#REF!,0) -> 0 | J43: =H43+I43 -> 0.20366057 | K43: =IFERROR(F43/J43,0) -> 136888.76 | L43: =IFERROR((J43*$E8)/(F43/1000),0) -> 77.435138
B44: Masamba | C44: 53 | D44: 10 Roda | E44: =COUNTIFS(Database!$J$4:$J$1256,"10 Roda",Database!$V$4:$V$1256,"Masamba") -> 70 | F44: =IFERROR(AVERAGEIFS(Database!$N$4:$N$1256,Database!$J$4:$J$1256,"10 Roda",Database!$V$4:$V$1256,"Masamba"),0) -> 14499.286 | G44: =IFERROR(F44/$D5,0) -> 0.70693738 | H44: =IFERROR(C44/$D$6,0) -> 0.17898687 | I44: =IFERROR(C44/#REF!,0) -> 0 | J44: =H44+I44 -> 0.17898687 | K44: =IFERROR(F44/J44,0) -> 81007.54 | L44: =IFERROR((J44*$D8)/(F44/1000),0) -> 130.85202
B45: Masamba | C45: 53 | D45: 12 Roda | E45: =COUNTIFS(Database!$J$4:$J$1256,"12 Roda",Database!$V$4:$V$1256,"Masamba") -> 104 | F45: =IFERROR(AVERAGEIFS(Database!$N$4:$N$1256,Database!$J$4:$J$1256,"12 Roda",Database!$V$4:$V$1256,"Masamba"),0) -> 28121.25 | G45: =IFERROR(F45/$E5,0) -> 0.97103764 | H45: =IFERROR(C45/$E$6,0) -> 0.15873544 | I45: =IFERROR(C45/#REF!,0) -> 0 | J45: =H45+I45 -> 0.15873544 | K45: =IFERROR(F45/J45,0) -> 177157.98 | L45: =IFERROR((J45*$E8)/(F45/1000),0) -> 59.833602
B46: Burau | C46: 99 | D46: 10 Roda | E46: =COUNTIFS(Database!$J$4:$J$1256,"10 Roda",Database!$V$4:$V$1256,"Burau") -> 66 | F46: =IFERROR(AVERAGEIFS(Database!$N$4:$N$1256,Database!$J$4:$J$1256,"10 Roda",Database!$V$4:$V$1256,"Burau"),0) -> 14018.182 | G46: =IFERROR(F46/$D5,0) -> 0.68348034 | H46: =IFERROR(C46/$D$6,0) -> 0.33433396 | I46: =IFERROR(C46/#REF!,0) -> 0 | J46: =H46+I46 -> 0.33433396 | K46: =IFERROR(F46/J46,0) -> 41928.681 | L46: =IFERROR((J46*$D8)/(F46/1000),0) -> 252.81024
B47: Burau | C47: 99 | D47: 12 Roda | E47: =COUNTIFS(Database!$J$4:$J$1256,"12 Roda",Database!$V$4:$V$1256,"Burau") -> 31 | F47: =IFERROR(AVERAGEIFS(Database!$N$4:$N$1256,Database!$J$4:$J$1256,"12 Roda",Database!$V$4:$V$1256,"Burau"),0) -> 28180.968 | G47: =IFERROR(F47/$E5,0) -> 0.97309971 | H47: =IFERROR(C47/$E$6,0) -> 0.29650582 | I47: =IFERROR(C47/#REF!,0) -> 0 | J47: =H47+I47 -> 0.29650582 | K47: =IFERROR(F47/J47,0) -> 95043.556 | L47: =IFERROR((J47*$E8)/(F47/1000),0) -> 111.52781
B48: Pomala | C48: 494 | D48: 6 Roda | E48: =COUNTIFS(Database!$J$4:$J$1256,"6 Roda",Database!$V$4:$V$1256,"Pomala") -> 282 | F48: =IFERROR(AVERAGEIFS(Database!$N$4:$N$1256,Database!$J$4:$J$1256,"6 Roda",Database!$V$4:$V$1256,"Pomala"),0) -> 9565.2482 | G48: =IFERROR(F48/$C5,0) -> 0.33633081 | H48: =IFERROR(C48/$C$6,0) -> 1.9081588 | I48: =IFERROR(C48/#REF!,0) -> 0 | J48: =H48+I48 -> 1.9081588 | K48: =IFERROR(F48/J48,0) -> 5012.8157 | L48: =IFERROR((J48*$C8)/(F48/1000),0) -> 2114.58
B49: Makassar | C49: 384 | D49: 6 Roda | E49: =COUNTIFS(Database!$J$4:$J$1256,"6 Roda",Database!$V$4:$V$1256,"Makassar") -> 127 | F49: =IFERROR(AVERAGEIFS(Database!$N$4:$N$1256,Database!$J$4:$J$1256,"6 Roda",Database!$V$4:$V$1256,"Makassar"),0) -> 9597.0079 | G49: =IFERROR(F49/$C5,0) -> 0.33744753 | H49: =IFERROR(C49/$C$6,0) -> 1.4832651 | I49: =IFERROR(C49/#REF!,0) -> 0 | J49: =H49+I49 -> 1.4832651 | K49: =IFERROR(F49/J49,0) -> 6470.1905 | L49: =IFERROR((J49*$C8)/(F49/1000),0) -> 1638.2825
B50: Makassar | C50: 384 | D50: 10 Roda | E50: =COUNTIFS(Database!$J$4:$J$1256,"10 Roda",Database!$V$4:$V$1256,"Makassar") -> 6 | F50: =IFERROR(AVERAGEIFS(Database!$N$4:$N$1256,Database!$J$4:$J$1256,"10 Roda",Database!$V$4:$V$1256,"Makassar"),0) -> 14630 | G50: =IFERROR(F50/$D5,0) -> 0.71331058 | H50: =IFERROR(C50/$D$6,0) -> 1.2968105 | I50: =IFERROR(C50/#REF!,0) -> 0 | J50: =H50+I50 -> 1.2968105 | K50: =IFERROR(F50/J50,0) -> 11281.525 | L50: =IFERROR((J50*$D8)/(F50/1000),0) -> 939.58929
B51: Makassar | C51: 384 | D51: 12 Roda | E51: =COUNTIFS(Database!$J$4:$J$1256,"12 Roda",Database!$V$4:$V$1256,"Makassar") -> 8 | F51: =IFERROR(AVERAGEIFS(Database!$N$4:$N$1256,Database!$J$4:$J$1256,"12 Roda",Database!$V$4:$V$1256,"Makassar"),0) -> 25615 | G51: =IFERROR(F51/$E5,0) -> 0.88449586 | H51: =IFERROR(C51/$E$6,0) -> 1.1500832 | I51: =IFERROR(C51/#REF!,0) -> 0 | J51: =H51+I51 -> 1.1500832 | K51: =IFERROR(F51/J51,0) -> 22272.302 | L51: =IFERROR((J51*$E8)/(F51/1000),0) -> 475.92746
B52: Gowa | C52: 400 | D52: 6 Roda | E52: =COUNTIFS(Database!$J$4:$J$1256,"6 Roda",Database!$V$4:$V$1256,"Gowa") -> 58 | F52: =IFERROR(AVERAGEIFS(Database!$N$4:$N$1256,Database!$J$4:$J$1256,"6 Roda",Database!$V$4:$V$1256,"Gowa"),0) -> 9427.5862 | G52: =IFERROR(F52/$C5,0) -> 0.33149037 | H52: =IFERROR(C52/$C$6,0) -> 1.5450678 | I52: =IFERROR(C52/#REF!,0) -> 0 | J52: =H52+I52 -> 1.5450678 | K52: =IFERROR(F52/J52,0) -> 6101.7297 | L52: =IFERROR((J52*$C8)/(F52/1000),0) -> 1737.2123
B53: Gowa | C53: 400 | D53: 10 Roda | E53: =COUNTIFS(Database!$J$4:$J$1256,"10 Roda",Database!$V$4:$V$1256,"Gowa") -> 7 | F53: =IFERROR(AVERAGEIFS(Database!$N$4:$N$1256,Database!$J$4:$J$1256,"10 Roda",Database!$V$4:$V$1256,"Gowa"),0) -> 14840 | G53: =IFERROR(F53/$D5,0) -> 0.72354949 | H53: =IFERROR(C53/$D$6,0) -> 1.3508443 | I53: =IFERROR(C53/#REF!,0) -> 0 | J53: =H53+I53 -> 1.3508443 | K53: =IFERROR(F53/J53,0) -> 10985.722 | L53: =IFERROR((J53*$D8)/(F53/1000),0) -> 964.88877
B54: Palu | C54: 562 | D54: 6 Roda | E54: =COUNTIFS(Database!$J$4:$J$1256,"6 Roda",Database!$V$4:$V$1256,"Palu") -> 110 | F54: =IFERROR(AVERAGEIFS(Database!$N$4:$N$1256,Database!$J$4:$J$1256,"6 Roda",Database!$V$4:$V$1256,"Palu"),0) -> 9333.3636 | G54: =IFERROR(F54/$C5,0) -> 0.32817734 | H54: =IFERROR(C54/$C$6,0) -> 2.1708203 | I54: =IFERROR(C54/#REF!,0) -> 0 | J54: =H54+I54 -> 2.1708203 | K54: =IFERROR(F54/J54,0) -> 4299.464 | L54: =IFERROR((J54*$C8)/(F54/1000),0) -> 2465.4236
B55: Torobulu | C55: 642 | D55: 12 Roda | E55: =COUNTIFS(Database!$J$4:$J$1256,"12 Roda",Database!$V$4:$V$1256,"Torobulu") -> 6 | F55: =IFERROR(AVERAGEIFS(Database!$N$4:$N$1256,Database!$J$4:$J$1256,"12 Roda",Database!$V$4:$V$1256,"Torobulu"),0) -> 28895 | G55: =IFERROR(F55/$E5,0) -> 0.99775552 | H55: =IFERROR(C55/$E$6,0) -> 1.9227953 | I55: =IFERROR(C55/#REF!,0) -> 0 | J55: =H55+I55 -> 1.9227953 | K55: =IFERROR(F55/J55,0) -> 15027.6 | L55: =IFERROR((J55*$E8)/(F55/1000),0) -> 705.36877
B56: Siumbatu | C56: 473 | D56: 12 Roda | E56: =COUNTIFS(Database!$J$4:$J$1256,"12 Roda",Database!$V$4:$V$1256,"Siumbatu") -> 4 | F56: =IFERROR(AVERAGEIFS(Database!$N$4:$N$1256,Database!$J$4:$J$1256,"12 Roda",Database!$V$4:$V$1256,"Siumbatu"),0) -> 28910 | G56: =IFERROR(F56/$E5,0) -> 0.99827348 | H56: =IFERROR(C56/$E$6,0) -> 1.4166389 | I56: =IFERROR(C56/#REF!,0) -> 0 | J56: =H56+I56 -> 1.4166389 | K56: =IFERROR(F56/J56,0) -> 20407.458 | L56: =IFERROR((J56*$E8)/(F56/1000),0) -> 519.41794
B59: E. INSIGHT REKOMENDASI
B60: No. | C60: Temuan / Insight | D60: Dampak | E60: Rekomendasi Tindakan
B61: 1 | C61: UTILISASI 6 RODA: 136% dari kapasitas teori (7 ton) Avg netto 9.528 Kg melebihi batas resmi. Ini mengindikasikan muatan berlebih yang melanggar regulasi tonase jalan (UU No.22/2009 tentang LLAJ). 640 trip, mayoritas ke Pomala (494 Km) dan Palu (562 Km) — jarak sangat jauh. | D61: RISIKO KRITIS: (1) Muatan lebih merusak ban, suspensi, dan sasis lebih cepat — biaya perawatan melonjak. (2) Jalan jauh + overload = risiko kecelakaan tinggi. (3) Sanksi tilang dan denda polisi. | E61: TINDAK SEGERA: Audit fisik truk 6 roda. Batasi muatan maksimum 6.500 Kg (safety margin). Pindahkan rute Pomala & Palu ke truk 10 atau 12 roda. Evaluasi kontrak transportir 6 roda.
B62: 2 | C62: EFISIENSI SOLAR: 12 Roda TERBAIK per Kg netto Dengan konsumsi 3 Km/Liter, truk 12 roda mengangkut ~28 ton per trip. Biaya solar per ton jauh lebih rendah dibanding 6 roda. Untuk rute pendek Masamba (53 Km) dan Bone Bone (68 Km), utilisasi 12 roda mendekati 100%. | D62: Truk 12 roda adalah PILIHAN PALING EKONOMIS secara biaya solar per Kg netto. Dengan jarak pendek, solar minim dan muatan maksimal — kombinasi ideal. | E62: ALOKASIKAN lebih banyak truk 12 roda untuk rute Masamba, Bone Bone, dan Burau. Target komposisi: 12 Roda ≥ 40% dari total trip untuk ketiga rute ini.
B63: 3 | C63: RUTE JARAK JAUH (Pomala 494 Km, Palu 562 Km, Torobulu 642 Km): HANYA LAYAK UNTUK 12 RODA Truk 6 roda ke Pomala mengonsumsi ~99 Liter solar per trip (PP). Truk 12 roda hanya ~98 Liter tapi angkut 3x lebih banyak. Biaya solar per ton: 6 Roda ~Rp 70.000/ton vs 12 Roda ~Rp 23.000/ton. | D63: Menggunakan truk 6 roda untuk jarak >400 Km adalah pemborosan biaya operasional 3x lipat dibanding 12 roda. 280 trip 6 roda ke Pomala = potensial pemborosan besar. | E63: STOP penggunaan truk 6 roda untuk jarak >200 Km. Renegosasi kontrak transportir. Jika transporter tidak punya 12 roda, evaluasi ganti transporter atau sewa armada.
B64: 4 | C64: UTILISASI 10 RODA: 103% (sedikit overload) Avg netto 14.280 Kg vs kapasitas 13.800 Kg. Dominan di rute pendek: Bone Bone (175 trip), Masamba (70 trip), Burau (66 trip). Jam operasional rata-rata 1,6 jam — sangat efisien untuk jarak dekat. | D64: Overload ringan tapi tetap bermasalah. Rute pendek dengan durasi 1,6 jam ideal untuk rotasi cepat — 2 trip per hari dimungkinkan. | E64: Standarisasi batas muat 10 roda di 13.500 Kg. Manfaatkan kecepatan rotasi dengan jadwal 2 trip/hari untuk rute < 100 Km. Ini bisa melipatgandakan kapasitas tanpa tambah armada.
B65: 5 | C65: WAKTU OPERASIONAL: Durasi rata-rata 1 jam (6R) dan 1,6 jam (10R/12R) di timbangan Durasi ini hanya waktu di timbangan, BUKAN total waktu perjalanan. Estimasi total trip PP termasuk perjalanan: Bone Bone (68 Km PP) ~4 jam, Pomala (494 Km PP) ~20 jam, Palu (562 Km PP) ~22 jam. | D65: Truk ke Pomala dan Palu praktis hanya bisa 1 trip per hari (bahkan perlu menginap). Biaya tambahan: uang makan, inap driver, dan risiko kelelahan. | E65: Untuk rute > 400 Km, pastikan ada sistem shift driver (2 driver per truk). Hitung total biaya operasional termasuk akomodasi. Bandingkan dengan alternatif moda lain jika ada.
B66: 6 | C66: ANOMALI MUATAN MINIMUM: Min netto 200 Kg (6 Roda) dan 190 Kg (10 Roda) Ada trip dengan muatan sangat kecil (200 Kg dari kapasitas 7.000 Kg = 3%). Ini bisa berarti pengambilan sisa kuota, trip uji coba, atau kesalahan input. | D66: Trip dengan muatan < 10% dari kapasitas = biaya solar per Kg sangat tinggi. Misalnya: 200 Kg di 6 Roda ke Pomala — biaya solar lebih mahal dari nilai muatannya. | E66: Tetapkan minimum muatan per trip: 6 Roda min 4.000 Kg, 10 Roda min 8.000 Kg, 12 Roda min 15.000 Kg. Trip di bawah minimum harus digabung (konsolidasi muatan).
B69: F. PERBANDINGAN BIAYA SOLAR PER TON PER RUTE (Rp/Ton)
B70: Lebih rendah = lebih efisien. Formula: (Jarak PP / Km per Liter) x Harga Solar / (Avg Netto Kg / 1000 Ton)
B72: Rute (Lokasi) | C72: Jarak PP (Km) | D72: 6 Roda (Rp/Ton) | E72: 10 Roda (Rp/Ton) | F72: 12 Roda (Rp/Ton)
B73: Bone Bone | C73: 136 | D73: =IFERROR(IF(COUNTIFS(Database!$J$4:$J$1256,"6 Roda",Database!$V$4:$V$1256,"Bone Bone")=0,"—",(C73/$C$6+C73/#REF!)*$C$8/(AVERAGEIFS(Database!$N$4:$N$1256,Database!$J$4:$J$1256,"6 Roda",Database!$V$4:$V$1256,"Bone Bone")/1000)),"—") -> — | E73: =IFERROR(IF(COUNTIFS(Database!$J$4:$J$1256,"10 Roda",Database!$V$4:$V$1256,"Bone Bone")=0,"—",(C73/$D$6+C73/#REF!)*$D$8/(AVERAGEIFS(Database!$N$4:$N$1256,Database!$J$4:$J$1256,"10 Roda",Database!$V$4:$V$1256,"Bone Bone")/1000)),"—") -> — | F73: =IFERROR(IF(COUNTIFS(Database!$J$4:$J$1256,"12 Roda",Database!$V$4:$V$1256,"Bone Bone")=0,"—",(C73/$E$6+C73/#REF!)*$E$8/(AVERAGEIFS(Database!$N$4:$N$1256,Database!$J$4:$J$1256,"12 Roda",Database!$V$4:$V$1256,"Bone Bone")/1000)),"—") -> —
B74: Masamba | C74: 106 | D74: =IFERROR(IF(COUNTIFS(Database!$J$4:$J$1256,"6 Roda",Database!$V$4:$V$1256,"Masamba")=0,"—",(C74/$C$6+C74/#REF!)*$C$8/(AVERAGEIFS(Database!$N$4:$N$1256,Database!$J$4:$J$1256,"6 Roda",Database!$V$4:$V$1256,"Masamba")/1000)),"—") -> — | E74: =IFERROR(IF(COUNTIFS(Database!$J$4:$J$1256,"10 Roda",Database!$V$4:$V$1256,"Masamba")=0,"—",(C74/$D$6+C74/#REF!)*$D$8/(AVERAGEIFS(Database!$N$4:$N$1256,Database!$J$4:$J$1256,"10 Roda",Database!$V$4:$V$1256,"Masamba")/1000)),"—") -> — | F74: =IFERROR(IF(COUNTIFS(Database!$J$4:$J$1256,"12 Roda",Database!$V$4:$V$1256,"Masamba")=0,"—",(C74/$E$6+C74/#REF!)*$E$8/(AVERAGEIFS(Database!$N$4:$N$1256,Database!$J$4:$J$1256,"12 Roda",Database!$V$4:$V$1256,"Masamba")/1000)),"—") -> —
B75: Burau | C75: 198 | D75: =IFERROR(IF(COUNTIFS(Database!$J$4:$J$1256,"6 Roda",Database!$V$4:$V$1256,"Burau")=0,"—",(C75/$C$6+C75/#REF!)*$C$8/(AVERAGEIFS(Database!$N$4:$N$1256,Database!$J$4:$J$1256,"6 Roda",Database!$V$4:$V$1256,"Burau")/1000)),"—") -> — | E75: =IFERROR(IF(COUNTIFS(Database!$J$4:$J$1256,"10 Roda",Database!$V$4:$V$1256,"Burau")=0,"—",(C75/$D$6+C75/#REF!)*$D$8/(AVERAGEIFS(Database!$N$4:$N$1256,Database!$J$4:$J$1256,"10 Roda",Database!$V$4:$V$1256,"Burau")/1000)),"—") -> — | F75: =IFERROR(IF(COUNTIFS(Database!$J$4:$J$1256,"12 Roda",Database!$V$4:$V$1256,"Burau")=0,"—",(C75/$E$6+C75/#REF!)*$E$8/(AVERAGEIFS(Database!$N$4:$N$1256,Database!$J$4:$J$1256,"12 Roda",Database!$V$4:$V$1256,"Burau")/1000)),"—") -> —
B76: Pomala | C76: 988 | D76: =IFERROR(IF(COUNTIFS(Database!$J$4:$J$1256,"6 Roda",Database!$V$4:$V$1256,"Pomala")=0,"—",(C76/$C$6+C76/#REF!)*$C$8/(AVERAGEIFS(Database!$N$4:$N$1256,Database!$J$4:$J$1256,"6 Roda",Database!$V$4:$V$1256,"Pomala")/1000)),"—") -> — | E76: =IFERROR(IF(COUNTIFS(Database!$J$4:$J$1256,"10 Roda",Database!$V$4:$V$1256,"Pomala")<=2,"*data terlalu sedikit",IF(COUNTIFS(Database!$J$4:$J$1256,"10 Roda",Database!$V$4:$V$1256,"Pomala")=0,"—",(C76/$D$6+C76/#REF!)*$D$8/(AVERAGEIFS(Database!$N$4:$N$1256,Database!$J$4:$J$1256,"10 Roda",Database!$V$4:$V$1256,"Pomala")/1000))),"—") -> *data terlalu sedikit | F76: =IFERROR(IF(COUNTIFS(Database!$J$4:$J$1256,"12 Roda",Database!$V$4:$V$1256,"Pomala")=0,"—",(C76/$E$6+C76/#REF!)*$E$8/(AVERAGEIFS(Database!$N$4:$N$1256,Database!$J$4:$J$1256,"12 Roda",Database!$V$4:$V$1256,"Pomala")/1000)),"—") -> —
B77: Makassar | C77: 768 | D77: =IFERROR(IF(COUNTIFS(Database!$J$4:$J$1256,"6 Roda",Database!$V$4:$V$1256,"Makassar")=0,"—",(C77/$C$6+C77/#REF!)*$C$8/(AVERAGEIFS(Database!$N$4:$N$1256,Database!$J$4:$J$1256,"6 Roda",Database!$V$4:$V$1256,"Makassar")/1000)),"—") -> — | E77: =IFERROR(IF(COUNTIFS(Database!$J$4:$J$1256,"10 Roda",Database!$V$4:$V$1256,"Makassar")=0,"—",(C77/$D$6+C77/#REF!)*$D$8/(AVERAGEIFS(Database!$N$4:$N$1256,Database!$J$4:$J$1256,"10 Roda",Database!$V$4:$V$1256,"Makassar")/1000)),"—") -> — | F77: =IFERROR(IF(COUNTIFS(Database!$J$4:$J$1256,"12 Roda",Database!$V$4:$V$1256,"Makassar")=0,"—",(C77/$E$6+C77/#REF!)*$E$8/(AVERAGEIFS(Database!$N$4:$N$1256,Database!$J$4:$J$1256,"12 Roda",Database!$V$4:$V$1256,"Makassar")/1000)),"—") -> —
B78: Gowa | C78: 800 | D78: =IFERROR(IF(COUNTIFS(Database!$J$4:$J$1256,"6 Roda",Database!$V$4:$V$1256,"Gowa")=0,"—",(C78/$C$6+C78/#REF!)*$C$8/(AVERAGEIFS(Database!$N$4:$N$1256,Database!$J$4:$J$1256,"6 Roda",Database!$V$4:$V$1256,"Gowa")/1000)),"—") -> — | E78: =IFERROR(IF(COUNTIFS(Database!$J$4:$J$1256,"10 Roda",Database!$V$4:$V$1256,"Gowa")=0,"—",(C78/$D$6+C78/#REF!)*$D$8/(AVERAGEIFS(Database!$N$4:$N$1256,Database!$J$4:$J$1256,"10 Roda",Database!$V$4:$V$1256,"Gowa")/1000)),"—") -> — | F78: =IFERROR(IF(COUNTIFS(Database!$J$4:$J$1256,"12 Roda",Database!$V$4:$V$1256,"Gowa")=0,"—",(C78/$E$6+C78/#REF!)*$E$8/(AVERAGEIFS(Database!$N$4:$N$1256,Database!$J$4:$J$1256,"12 Roda",Database!$V$4:$V$1256,"Gowa")/1000)),"—") -> —
B79: Palu | C79: 1124 | D79: =IFERROR(IF(COUNTIFS(Database!$J$4:$J$1256,"6 Roda",Database!$V$4:$V$1256,"Palu")=0,"—",(C79/$C$6+C79/#REF!)*$C$8/(AVERAGEIFS(Database!$N$4:$N$1256,Database!$J$4:$J$1256,"6 Roda",Database!$V$4:$V$1256,"Palu")/1000)),"—") -> — | E79: =IFERROR(IF(COUNTIFS(Database!$J$4:$J$1256,"10 Roda",Database!$V$4:$V$1256,"Palu")=0,"—",(C79/$D$6+C79/#REF!)*$D$8/(AVERAGEIFS(Database!$N$4:$N$1256,Database!$J$4:$J$1256,"10 Roda",Database!$V$4:$V$1256,"Palu")/1000)),"—") -> — | F79: =IFERROR(IF(COUNTIFS(Database!$J$4:$J$1256,"12 Roda",Database!$V$4:$V$1256,"Palu")=0,"—",(C79/$E$6+C79/#REF!)*$E$8/(AVERAGEIFS(Database!$N$4:$N$1256,Database!$J$4:$J$1256,"12 Roda",Database!$V$4:$V$1256,"Palu")/1000)),"—") -> —
B80: Torobulu | C80: 1284 | D80: =IFERROR(IF(COUNTIFS(Database!$J$4:$J$1256,"6 Roda",Database!$V$4:$V$1256,"Torobulu")=0,"—",(C80/$C$6+C80/#REF!)*$C$8/(AVERAGEIFS(Database!$N$4:$N$1256,Database!$J$4:$J$1256,"6 Roda",Database!$V$4:$V$1256,"Torobulu")/1000)),"—") -> — | E80: =IFERROR(IF(COUNTIFS(Database!$J$4:$J$1256,"10 Roda",Database!$V$4:$V$1256,"Torobulu")=0,"—",(C80/$D$6+C80/#REF!)*$D$8/(AVERAGEIFS(Database!$N$4:$N$1256,Database!$J$4:$J$1256,"10 Roda",Database!$V$4:$V$1256,"Torobulu")/1000)),"—") -> — | F80: =IFERROR(IF(COUNTIFS(Database!$J$4:$J$1256,"12 Roda",Database!$V$4:$V$1256,"Torobulu")=0,"—",(C80/$E$6+C80/#REF!)*$E$8/(AVERAGEIFS(Database!$N$4:$N$1256,Database!$J$4:$J$1256,"12 Roda",Database!$V$4:$V$1256,"Torobulu")/1000)),"—") -> —

Sheet Harga OAT
A1: ESTIMASI HARGA OAT & MARGIN PER RELASI
A4: PARAMETER GLOBAL
A5: Harga Solar (Rp/L) | B5: 6 Roda | C5: 10 Roda | D5: 12 Roda | E5: Harga Solar
A6: Kapasitas Truk (Kg) | B6: 10000 | C6: 15000 | D6: 29000 | E6: ='Efisiensi Armada'!C8 -> 10600
A7: km/L — Bermuatan | B7: ='Efisiensi Armada'!N6 -> 5 | C7: ='Efisiensi Armada'!N8 -> 4 | D7: ='Efisiensi Armada'!N10 -> 3
A8: km/L — Kosong | B8: ='Efisiensi Armada'!N7 -> 7 | C8: ='Efisiensi Armada'!N9 -> 6 | D8: ='Efisiensi Armada'!N11 -> 5
A9: Target Margin (%) | B9: 0.15
A11: INPUT BIAYA LAIN-LAIN PER RELASI (Rp/trip — isi manual)
A12: Relasi | B12: Produk | C12: Lokasi | D12: Jarak PP | E12: OAT 6R | F12: OAT 10R | G12: OAT 12R | H12: Makan & Jalan | I12: Tol & Retribusi | J12: Penginapan
A13: CV. DUTA ABADI | B13: =_xlfn.XLOOKUP(A13,Database!$AM$4:$AM$18,Database!$AQ$4:$AQ$18,"") -> RBDPL | C13: =_xlfn.XLOOKUP(A13,Database!$AM$4:$AM$18,Database!$AO$4:$AO$18,"") -> Makassar | D13: =_xlfn.XLOOKUP(A13,Database!$AM$4:$AM$18,Database!$AR$4:$AR$18,0) -> 720 | E13: =_xlfn.XLOOKUP(A13,Database!$AM$4:$AM$18,Database!$AS$4:$AS$18,0) -> 475 | F13: =_xlfn.XLOOKUP(A13,Database!$AM$4:$AM$18,Database!$AT$4:$AT$18,0) -> 475 | G13: =_xlfn.XLOOKUP(A13,Database!$AM$4:$AM$18,Database!$AU$4:$AU$18,0) -> 475 | H13: 0 | I13: 0 | J13: 0
A14: CV. HALILINTAR SAKTI ABADI | B14: =_xlfn.XLOOKUP(A14,Database!$AM$4:$AM$18,Database!$AQ$4:$AQ$18,"") -> RBDPL | C14: =_xlfn.XLOOKUP(A14,Database!$AM$4:$AM$18,Database!$AO$4:$AO$18,"") -> Makassar | D14: =_xlfn.XLOOKUP(A14,Database!$AM$4:$AM$18,Database!$AR$4:$AR$18,0) -> 720 | E14: =_xlfn.XLOOKUP(A14,Database!$AM$4:$AM$18,Database!$AS$4:$AS$18,0) -> 475 | F14: =_xlfn.XLOOKUP(A14,Database!$AM$4:$AM$18,Database!$AT$4:$AT$18,0) -> 475 | G14: =_xlfn.XLOOKUP(A14,Database!$AM$4:$AM$18,Database!$AU$4:$AU$18,0) -> 475 | H14: 0 | I14: 0 | J14: 0
A15: CV. Nusantara Daya Jaya | B15: =_xlfn.XLOOKUP(A15,Database!$AM$4:$AM$18,Database!$AQ$4:$AQ$18,"") -> RBDPL | C15: =_xlfn.XLOOKUP(A15,Database!$AM$4:$AM$18,Database!$AO$4:$AO$18,"") -> 0 | D15: =_xlfn.XLOOKUP(A15,Database!$AM$4:$AM$18,Database!$AR$4:$AR$18,0) -> 0 | E15: =_xlfn.XLOOKUP(A15,Database!$AM$4:$AM$18,Database!$AS$4:$AS$18,0) -> 0 | F15: =_xlfn.XLOOKUP(A15,Database!$AM$4:$AM$18,Database!$AT$4:$AT$18,0) -> 0 | G15: =_xlfn.XLOOKUP(A15,Database!$AM$4:$AM$18,Database!$AU$4:$AU$18,0) -> 0 | H15: 0 | I15: 0 | J15: 0
A16: CV. SURYA CAHAYA MAS | B16: =_xlfn.XLOOKUP(A16,Database!$AM$4:$AM$18,Database!$AQ$4:$AQ$18,"") -> RBDPL | C16: =_xlfn.XLOOKUP(A16,Database!$AM$4:$AM$18,Database!$AO$4:$AO$18,"") -> Gowa | D16: =_xlfn.XLOOKUP(A16,Database!$AM$4:$AM$18,Database!$AR$4:$AR$18,0) -> 800 | E16: =_xlfn.XLOOKUP(A16,Database!$AM$4:$AM$18,Database!$AS$4:$AS$18,0) -> 475 | F16: =_xlfn.XLOOKUP(A16,Database!$AM$4:$AM$18,Database!$AT$4:$AT$18,0) -> 475 | G16: =_xlfn.XLOOKUP(A16,Database!$AM$4:$AM$18,Database!$AU$4:$AU$18,0) -> 475 | H16: 0 | I16: 0 | J16: 0
A17: PT. BUKIT JEJER LESTARI | B17: =_xlfn.XLOOKUP(A17,Database!$AM$4:$AM$18,Database!$AQ$4:$AQ$18,"") -> RBDPL | C17: =_xlfn.XLOOKUP(A17,Database!$AM$4:$AM$18,Database!$AO$4:$AO$18,"") -> Palu | D17: =_xlfn.XLOOKUP(A17,Database!$AM$4:$AM$18,Database!$AR$4:$AR$18,0) -> 1124 | E17: =_xlfn.XLOOKUP(A17,Database!$AM$4:$AM$18,Database!$AS$4:$AS$18,0) -> 1200 | F17: =_xlfn.XLOOKUP(A17,Database!$AM$4:$AM$18,Database!$AT$4:$AT$18,0) -> 1200 | G17: =_xlfn.XLOOKUP(A17,Database!$AM$4:$AM$18,Database!$AU$4:$AU$18,0) -> 1200 | H17: 0 | I17: 0 | J17: 0
A18: PT. JAS MULIA | B18: =_xlfn.XLOOKUP(A18,Database!$AM$4:$AM$18,Database!$AQ$4:$AQ$18,"") -> CPO | C18: =_xlfn.XLOOKUP(A18,Database!$AM$4:$AM$18,Database!$AO$4:$AO$18,"") -> Bone Bone | D18: =_xlfn.XLOOKUP(A18,Database!$AM$4:$AM$18,Database!$AR$4:$AR$18,0) -> 136 | E18: =_xlfn.XLOOKUP(A18,Database!$AM$4:$AM$18,Database!$AS$4:$AS$18,0) -> 120 | F18: =_xlfn.XLOOKUP(A18,Database!$AM$4:$AM$18,Database!$AT$4:$AT$18,0) -> 120 | G18: =_xlfn.XLOOKUP(A18,Database!$AM$4:$AM$18,Database!$AU$4:$AU$18,0) -> 120 | H18: 0 | I18: 0 | J18: 0
A19: PT. KASMAR MATANO PERSADA | B19: =_xlfn.XLOOKUP(A19,Database!$AM$4:$AM$18,Database!$AQ$4:$AQ$18,"") -> CPO | C19: =_xlfn.XLOOKUP(A19,Database!$AM$4:$AM$18,Database!$AO$4:$AO$18,"") -> Masamba | D19: =_xlfn.XLOOKUP(A19,Database!$AM$4:$AM$18,Database!$AR$4:$AR$18,0) -> 106 | E19: =_xlfn.XLOOKUP(A19,Database!$AM$4:$AM$18,Database!$AS$4:$AS$18,0) -> 110 | F19: =_xlfn.XLOOKUP(A19,Database!$AM$4:$AM$18,Database!$AT$4:$AT$18,0) -> 110 | G19: =_xlfn.XLOOKUP(A19,Database!$AM$4:$AM$18,Database!$AU$4:$AU$18,0) -> 110 | H19: 0 | I19: 0 | J19: 0
A20: PT. MADINRA INTI SAWIT | B20: =_xlfn.XLOOKUP(A20,Database!$AM$4:$AM$18,Database!$AQ$4:$AQ$18,"") -> CPO | C20: =_xlfn.XLOOKUP(A20,Database!$AM$4:$AM$18,Database!$AO$4:$AO$18,"") -> Pomala | D20: =_xlfn.XLOOKUP(A20,Database!$AM$4:$AM$18,Database!$AR$4:$AR$18,0) -> 988 | E20: =_xlfn.XLOOKUP(A20,Database!$AM$4:$AM$18,Database!$AS$4:$AS$18,0) -> 800 | F20: =_xlfn.XLOOKUP(A20,Database!$AM$4:$AM$18,Database!$AT$4:$AT$18,0) -> 800 | G20: =_xlfn.XLOOKUP(A20,Database!$AM$4:$AM$18,Database!$AU$4:$AU$18,0) -> 800 | H20: 0 | I20: 0 | J20: 0
A21: PT. PANDU URANE PERKASA | B21: =_xlfn.XLOOKUP(A21,Database!$AM$4:$AM$18,Database!$AQ$4:$AQ$18,"") -> RBDPL | C21: =_xlfn.XLOOKUP(A21,Database!$AM$4:$AM$18,Database!$AO$4:$AO$18,"") -> Torobulu | D21: =_xlfn.XLOOKUP(A21,Database!$AM$4:$AM$18,Database!$AR$4:$AR$18,0) -> 1284 | E21: =_xlfn.XLOOKUP(A21,Database!$AM$4:$AM$18,Database!$AS$4:$AS$18,0) -> 1500 | F21: =_xlfn.XLOOKUP(A21,Database!$AM$4:$AM$18,Database!$AT$4:$AT$18,0) -> 1500 | G21: =_xlfn.XLOOKUP(A21,Database!$AM$4:$AM$18,Database!$AU$4:$AU$18,0) -> 1500 | H21: 0 | I21: 0 | J21: 0
A22: PT. PERKEBUNAN NUSANTARA | B22: =_xlfn.XLOOKUP(A22,Database!$AM$4:$AM$18,Database!$AQ$4:$AQ$18,"") -> CPO | C22: =_xlfn.XLOOKUP(A22,Database!$AM$4:$AM$18,Database!$AO$4:$AO$18,"") -> Burau | D22: =_xlfn.XLOOKUP(A22,Database!$AM$4:$AM$18,Database!$AR$4:$AR$18,0) -> 198 | E22: =_xlfn.XLOOKUP(A22,Database!$AM$4:$AM$18,Database!$AS$4:$AS$18,0) -> 140 | F22: =_xlfn.XLOOKUP(A22,Database!$AM$4:$AM$18,Database!$AT$4:$AT$18,0) -> 140 | G22: =_xlfn.XLOOKUP(A22,Database!$AM$4:$AM$18,Database!$AU$4:$AU$18,0) -> 140 | H22: 0 | I22: 0 | J22: 0
A23: PT. TRI DAYA JAYA | B23: =_xlfn.XLOOKUP(A23,Database!$AM$4:$AM$18,Database!$AQ$4:$AQ$18,"") -> RBDPL | C23: =_xlfn.XLOOKUP(A23,Database!$AM$4:$AM$18,Database!$AO$4:$AO$18,"") -> Siumbatu | D23: =_xlfn.XLOOKUP(A23,Database!$AM$4:$AM$18,Database!$AR$4:$AR$18,0) -> 946 | E23: =_xlfn.XLOOKUP(A23,Database!$AM$4:$AM$18,Database!$AS$4:$AS$18,0) -> 1000 | F23: =_xlfn.XLOOKUP(A23,Database!$AM$4:$AM$18,Database!$AT$4:$AT$18,0) -> 1000 | G23: =_xlfn.XLOOKUP(A23,Database!$AM$4:$AM$18,Database!$AU$4:$AU$18,0) -> 1000 | H23: 0 | I23: 0 | J23: 0
A24: PT. WIJAYA INTI NUSANTARA | B24: =_xlfn.XLOOKUP(A24,Database!$AM$4:$AM$18,Database!$AQ$4:$AQ$18,"") -> RBDPL | C24: =_xlfn.XLOOKUP(A24,Database!$AM$4:$AM$18,Database!$AO$4:$AO$18,"") -> Torobulu | D24: =_xlfn.XLOOKUP(A24,Database!$AM$4:$AM$18,Database!$AR$4:$AR$18,0) -> 1284 | E24: =_xlfn.XLOOKUP(A24,Database!$AM$4:$AM$18,Database!$AS$4:$AS$18,0) -> 1500 | F24: =_xlfn.XLOOKUP(A24,Database!$AM$4:$AM$18,Database!$AT$4:$AT$18,0) -> 1500 | G24: =_xlfn.XLOOKUP(A24,Database!$AM$4:$AM$18,Database!$AU$4:$AU$18,0) -> 1500 | H24: 0 | I24: 0 | J24: 0
A27: PANEL ESTIMASI PER RELASI
A29: Relasi: | B29: PT. TRI DAYA JAYA
A30: Produk: | B30: =_xlfn.XLOOKUP(B29,Database!$AM$4:$AM$18,Database!$AQ$4:$AQ$18,"-") -> RBDPL
A31: Lokasi: | B31: =_xlfn.XLOOKUP(B29,Database!$AM$4:$AM$18,Database!$AO$4:$AO$18,"-") -> Siumbatu
A32: Jarak PP (Km): | B32: =_xlfn.XLOOKUP(B29,Database!$AM$4:$AM$18,Database!$AR$4:$AR$18,0) -> 946 | C32: =B32/2 -> 473
A33: Jumlah Trip Aktual: | B33: =COUNTIF(Database!$H$3:$H$1965,B29) -> 17
A34: Total Netto Aktual (Kg): | B34: =SUMIF(Database!$H$3:$H$1965,B29,Database!$N$3:$N$1965) -> 334790
A36: BREAKDOWN BIAYA & PENDAPATAN PER TRIP
A37: Komponen | B37: 6 Roda | C37: 10 Roda | D37: 12 Roda
A38: Avg Muatan Aktual (Kg) | B38: =IFERROR(IF($B$29="(Semua Lokasi)",AVERAGEIFS(Database!$N$3:$N$1965,Database!$J$3:$J$1965,"6 Roda"),AVERAGEIFS(Database!$N$3:$N$1965,Database!$H$3:$H$1965,$B$29,Database!$J$3:$J$1965,"6 Roda")),0) -> 200 | C38: =IFERROR(IF($B$29="(Semua Lokasi)",AVERAGEIFS(Database!$N$3:$N$1965,Database!$J$3:$J$1965,"10 Roda"),AVERAGEIFS(Database!$N$3:$N$1965,Database!$H$3:$H$1965,$B$29,Database!$J$3:$J$1965,"10 Roda")),0) -> 16122 | D38: =IFERROR(IF($B$29="(Semua Lokasi)",AVERAGEIFS(Database!$N$3:$N$1965,Database!$J$3:$J$1965,"12 Roda"),AVERAGEIFS(Database!$N$3:$N$1965,Database!$H$3:$H$1965,$B$29,Database!$J$3:$J$1965,"12 Roda")),0) -> 28895
A39: OAT (Rp/Kg) | B39: =IFERROR(_xlfn.XLOOKUP($B$29,$A$13:$A$23,$E$13:$E$23,"-"),"-") -> 1000 | C39: =IFERROR(_xlfn.XLOOKUP($B$29,$A$13:$A$23,$F$13:$F$23,"-"),"-") -> 1000 | D39: =IFERROR(_xlfn.XLOOKUP($B$29,$A$13:$A$23,$G$13:$G$23,"-"),"-") -> 1000
A40: Pendapatan/Trip (Rp) | B40: =IFERROR(B39*B38,"-") -> 200000 | C40: =IFERROR(C39*C38,"-") -> 16122000 | D40: =IFERROR(D39*D38,"-") -> 28895000
A41: Solar Bermuatan (L) | B41: =IFERROR(($B$32/2)/$B$7,"-") -> 94.6 | C41: =IFERROR(($B$32/2)/$C$7,"-") -> 118.25 | D41: =IFERROR(($B$32/2)/$D$7,"-") -> 157.66667
A42: Solar Kosong (L) | B42: =IFERROR(($B$32/2)/$B$8,"-") -> 67.571429 | C42: =IFERROR(($B$32/2)/$C$8,"-") -> 78.833333 | D42: =IFERROR(($B$32/2)/$D$8,"-") -> 94.6
A43: Biaya Solar/Trip (Rp) | B43: =IFERROR((B41+B42)*$E$6,"-") -> 1719017.1 | C43: =IFERROR((C41+C42)*$E$6,"-") -> 2089083.3 | D43: =IFERROR((D41+D42)*$E$6,"-") -> 2674026.7
A44: Biaya Lain/Trip (Rp) | B44: =IFERROR(_xlfn.XLOOKUP($B$29,$A$13:$A$23,$B$39:$B$49,0),0) -> 8595.0857 | C44: =B44 -> 8595.0857 | D44: =B44 -> 8595.0857
A45: Total Biaya/Trip (Rp) | B45: =IFERROR(B43+B44,"-") -> 1727612.2 | C45: =IFERROR(C43+C44,"-") -> 2097678.4 | D45: =IFERROR(D43+D44,"-") -> 2682621.8
A46: Margin/Trip (Rp) | B46: =IFERROR(B40-B45,"-") -> -1527612.2 | C46: =IFERROR(C40-C45,"-") -> 14024322 | D46: =IFERROR(D40-D45,"-") -> 26212378
A47: Margin/Kg (Rp) | B47: =IFERROR(B46/B38,"-") -> -7638.0611 | C47: =IFERROR(C46/C38,"-") -> 869.88721 | D47: =IFERROR(D46/D38,"-") -> 907.15966
A48: Margin % Pendapatan | B48: =IFERROR(B46/B40,"-") -> -7.6380611 | C48: =IFERROR(C46/C40,"-") -> 0.86988721 | D48: =IFERROR(D46/D40,"-") -> 0.90715966
A49: Biaya Solar/Kg (Rp) | B49: =IFERROR(B43/B38,"-") -> 8595.0857 | C49: =IFERROR(C43/C38,"-") -> 129.57966 | D49: =IFERROR(D43/D38,"-") -> 92.542885
A50: Proyeksi Margin Bulanan (Rp) | B50: =IFERROR(B46*COUNTIFS(Database!$H$3:$H$1965,$B$29,Database!$J$3:$J$1965,"6 Roda"),"-") -> -1527612.2 | C50: =IFERROR(C46*COUNTIFS(Database!$H$3:$H$1965,$B$29,Database!$J$3:$J$1965,"10 Roda"),"-") -> 1.4024322e+08 | D50: =IFERROR(D46*COUNTIFS(Database!$H$3:$H$1965,$B$29,Database!$J$3:$J$1965,"12 Roda"),"-") -> 1.5727427e+08
A51: Trip Aktual per Jenis Truk | B51: =COUNTIFS(Database!$H$3:$H$1965,$B$29,Database!$J$3:$J$1965,"6 Roda") -> 1 | C51: =COUNTIFS(Database!$H$3:$H$1965,$B$29,Database!$J$3:$J$1965,"10 Roda") -> 10 | D51: =COUNTIFS(Database!$H$3:$H$1965,$B$29,Database!$J$3:$J$1965,"12 Roda") -> 6

Sheet Analisa Ringkas
B4: 1. TREN VOLUME BULANAN
B5: Bulan | C5: CPO Trip | D5: CPO Netto (Kg) | E5: RBDPL Trip | F5: RBDPL Netto (Kg) | G5: Total Trip | H5: Total Netto (Kg) | I5: Avg Netto/Trip | J5: MoM Netto (%)
B6: Agu 2025 | C6: =COUNTIFS(Database!$I$4:$I$1256,"CPO",Database!$K$4:$K$1256,">="&DATE(2025,8,1),Database!$K$4:$K$1256,"<"&DATE(2025,9,1)) -> 0 | D6: =SUMIFS(Database!$N$4:$N$1256,Database!$I$4:$I$1256,"CPO",Database!$K$4:$K$1256,">="&DATE(2025,8,1),Database!$K$4:$K$1256,"<"&DATE(2025,9,1)) -> 0 | E6: =COUNTIFS(Database!$I$4:$I$1256,"RBDPL",Database!$K$4:$K$1256,">="&DATE(2025,8,1),Database!$K$4:$K$1256,"<"&DATE(2025,9,1)) -> 0 | F6: =SUMIFS(Database!$N$4:$N$1256,Database!$I$4:$I$1256,"RBDPL",Database!$K$4:$K$1256,">="&DATE(2025,8,1),Database!$K$4:$K$1256,"<"&DATE(2025,9,1)) -> 0 | G6: =C6+E6 -> 0 | H6: =D6+F6 -> 0 | I6: =IFERROR(H6/G6,0) -> 0 | J6: ="—" -> —
B7: 45901 | C7: =COUNTIFS(Database!$I$4:$I$1256,"CPO",Database!$K$4:$K$1256,">="&DATE(2025,9,1),Database!$K$4:$K$1256,"<"&DATE(2025,10,1)) -> 6 | D7: =SUMIFS(Database!$N$4:$N$1256,Database!$I$4:$I$1256,"CPO",Database!$K$4:$K$1256,">="&DATE(2025,9,1),Database!$K$4:$K$1256,"<"&DATE(2025,10,1)) -> 126650 | E7: =COUNTIFS(Database!$I$4:$I$1256,"RBDPL",Database!$K$4:$K$1256,">="&DATE(2025,9,1),Database!$K$4:$K$1256,"<"&DATE(2025,10,1)) -> 0 | F7: =SUMIFS(Database!$N$4:$N$1256,Database!$I$4:$I$1256,"RBDPL",Database!$K$4:$K$1256,">="&DATE(2025,9,1),Database!$K$4:$K$1256,"<"&DATE(2025,10,1)) -> 0 | G7: =C7+E7 -> 6 | H7: =D7+F7 -> 126650 | I7: =IFERROR(H7/G7,0) -> 21108.333 | J7: =IFERROR((H7-H6)/H6,0) -> 0
B8: Okt 2025 | C8: =COUNTIFS(Database!$I$4:$I$1256,"CPO",Database!$K$4:$K$1256,">="&DATE(2025,10,1),Database!$K$4:$K$1256,"<"&DATE(2025,11,1)) -> 17 | D8: =SUMIFS(Database!$N$4:$N$1256,Database!$I$4:$I$1256,"CPO",Database!$K$4:$K$1256,">="&DATE(2025,10,1),Database!$K$4:$K$1256,"<"&DATE(2025,11,1)) -> 369650 | E8: =COUNTIFS(Database!$I$4:$I$1256,"RBDPL",Database!$K$4:$K$1256,">="&DATE(2025,10,1),Database!$K$4:$K$1256,"<"&DATE(2025,11,1)) -> 0 | F8: =SUMIFS(Database!$N$4:$N$1256,Database!$I$4:$I$1256,"RBDPL",Database!$K$4:$K$1256,">="&DATE(2025,10,1),Database!$K$4:$K$1256,"<"&DATE(2025,11,1)) -> 0 | G8: =C8+E8 -> 17 | H8: =D8+F8 -> 369650 | I8: =IFERROR(H8/G8,0) -> 21744.118 | J8: =IFERROR((H8-H7)/H7,0) -> 1.9186735
B9: 45962 | C9: =COUNTIFS(Database!$I$4:$I$1256,"CPO",Database!$K$4:$K$1256,">="&DATE(2025,11,1),Database!$K$4:$K$1256,"<"&DATE(2025,12,1)) -> 180 | D9: =SUMIFS(Database!$N$4:$N$1256,Database!$I$4:$I$1256,"CPO",Database!$K$4:$K$1256,">="&DATE(2025,11,1),Database!$K$4:$K$1256,"<"&DATE(2025,12,1)) -> 2991090 | E9: =COUNTIFS(Database!$I$4:$I$1256,"RBDPL",Database!$K$4:$K$1256,">="&DATE(2025,11,1),Database!$K$4:$K$1256,"<"&DATE(2025,12,1)) -> 0 | F9: =SUMIFS(Database!$N$4:$N$1256,Database!$I$4:$I$1256,"RBDPL",Database!$K$4:$K$1256,">="&DATE(2025,11,1),Database!$K$4:$K$1256,"<"&DATE(2025,12,1)) -> 0 | G9: =C9+E9 -> 180 | H9: =D9+F9 -> 2991090 | I9: =IFERROR(H9/G9,0) -> 16617.167 | J9: =IFERROR((H9-H8)/H8,0) -> 7.0916813
B10: Des 2025 | C10: =COUNTIFS(Database!$I$4:$I$1256,"CPO",Database!$K$4:$K$1256,">="&DATE(2025,12,1),Database!$K$4:$K$1256,"<"&DATE(2026,1,1)) -> 270 | D10: =SUMIFS(Database!$N$4:$N$1256,Database!$I$4:$I$1256,"CPO",Database!$K$4:$K$1256,">="&DATE(2025,12,1),Database!$K$4:$K$1256,"<"&DATE(2026,1,1)) -> 4097400 | E10: =COUNTIFS(Database!$I$4:$I$1256,"RBDPL",Database!$K$4:$K$1256,">="&DATE(2025,12,1),Database!$K$4:$K$1256,"<"&DATE(2026,1,1)) -> 0 | F10: =SUMIFS(Database!$N$4:$N$1256,Database!$I$4:$I$1256,"RBDPL",Database!$K$4:$K$1256,">="&DATE(2025,12,1),Database!$K$4:$K$1256,"<"&DATE(2026,1,1)) -> 0 | G10: =C10+E10 -> 270 | H10: =D10+F10 -> 4097400 | I10: =IFERROR(H10/G10,0) -> 15175.556 | J10: =IFERROR((H10-H9)/H9,0) -> 0.36986851
B11: 46023 | C11: =COUNTIFS(Database!$I$4:$I$1256,"CPO",Database!$K$4:$K$1256,">="&DATE(2026,1,1),Database!$K$4:$K$1256,"<"&DATE(2026,2,1)) -> 108 | D11: =SUMIFS(Database!$N$4:$N$1256,Database!$I$4:$I$1256,"CPO",Database!$K$4:$K$1256,">="&DATE(2026,1,1),Database!$K$4:$K$1256,"<"&DATE(2026,2,1)) -> 2048750 | E11: =COUNTIFS(Database!$I$4:$I$1256,"RBDPL",Database!$K$4:$K$1256,">="&DATE(2026,1,1),Database!$K$4:$K$1256,"<"&DATE(2026,2,1)) -> 0 | F11: =SUMIFS(Database!$N$4:$N$1256,Database!$I$4:$I$1256,"RBDPL",Database!$K$4:$K$1256,">="&DATE(2026,1,1),Database!$K$4:$K$1256,"<"&DATE(2026,2,1)) -> 0 | G11: =C11+E11 -> 108 | H11: =D11+F11 -> 2048750 | I11: =IFERROR(H11/G11,0) -> 18969.907 | J11: =IFERROR((H11-H10)/H10,0) -> -0.4999878
B12: 46054 | C12: =COUNTIFS(Database!$I$4:$I$1256,"CPO",Database!$K$4:$K$1256,">="&DATE(2026,2,1),Database!$K$4:$K$1256,"<"&DATE(2026,3,1)) -> 191 | D12: =SUMIFS(Database!$N$4:$N$1256,Database!$I$4:$I$1256,"CPO",Database!$K$4:$K$1256,">="&DATE(2026,2,1),Database!$K$4:$K$1256,"<"&DATE(2026,3,1)) -> 2973500 | E12: =COUNTIFS(Database!$I$4:$I$1256,"RBDPL",Database!$K$4:$K$1256,">="&DATE(2026,2,1),Database!$K$4:$K$1256,"<"&DATE(2026,3,1)) -> 18 | F12: =SUMIFS(Database!$N$4:$N$1256,Database!$I$4:$I$1256,"RBDPL",Database!$K$4:$K$1256,">="&DATE(2026,2,1),Database!$K$4:$K$1256,"<"&DATE(2026,3,1)) -> 164290 | G12: =C12+E12 -> 209 | H12: =D12+F12 -> 3137790 | I12: =IFERROR(H12/G12,0) -> 15013.349 | J12: =IFERROR((H12-H11)/H11,0) -> 0.53156315
B13: 46082 | C13: =COUNTIFS(Database!$I$4:$I$1256,"CPO",Database!$K$4:$K$1256,">="&DATE(2026,3,1),Database!$K$4:$K$1256,"<"&DATE(2026,4,1)) -> 26 | D13: =SUMIFS(Database!$N$4:$N$1256,Database!$I$4:$I$1256,"CPO",Database!$K$4:$K$1256,">="&DATE(2026,3,1),Database!$K$4:$K$1256,"<"&DATE(2026,4,1)) -> 557140 | E13: =COUNTIFS(Database!$I$4:$I$1256,"RBDPL",Database!$K$4:$K$1256,">="&DATE(2026,3,1),Database!$K$4:$K$1256,"<"&DATE(2026,4,1)) -> 82 | F13: =SUMIFS(Database!$N$4:$N$1256,Database!$I$4:$I$1256,"RBDPL",Database!$K$4:$K$1256,">="&DATE(2026,3,1),Database!$K$4:$K$1256,"<"&DATE(2026,4,1)) -> 842840 | G13: =C13+E13 -> 108 | H13: =D13+F13 -> 1399980 | I13: =IFERROR(H13/G13,0) -> 12962.778 | J13: =IFERROR((H13-H12)/H12,0) -> -0.55383247
B14: 46113 | C14: =COUNTIFS(Database!$I$4:$I$1256,"CPO",Database!$K$4:$K$1256,">="&DATE(2026,4,1),Database!$K$4:$K$1256,"<"&DATE(2026,5,1)) -> 105 | D14: =SUMIFS(Database!$N$4:$N$1256,Database!$I$4:$I$1256,"CPO",Database!$K$4:$K$1256,">="&DATE(2026,4,1),Database!$K$4:$K$1256,"<"&DATE(2026,5,1)) -> 1278940 | E14: =COUNTIFS(Database!$I$4:$I$1256,"RBDPL",Database!$K$4:$K$1256,">="&DATE(2026,4,1),Database!$K$4:$K$1256,"<"&DATE(2026,5,1)) -> 222 | F14: =SUMIFS(Database!$N$4:$N$1256,Database!$I$4:$I$1256,"RBDPL",Database!$K$4:$K$1256,">="&DATE(2026,4,1),Database!$K$4:$K$1256,"<"&DATE(2026,5,1)) -> 2452090 | G14: =C14+E14 -> 327 | H14: =D14+F14 -> 3731030 | I14: =IFERROR(H14/G14,0) -> 11409.878 | J14: =IFERROR((H14-H13)/H13,0) -> 1.6650595
B15: TOTAL | C15: =SUM(C6:C14) -> 903 | D15: =SUM(D6:D14) -> 14443120 | E15: =SUM(E6:E14) -> 322 | F15: =SUM(F6:F14) -> 3459220 | G15: =SUM(G6:G14) -> 1225 | H15: =SUM(H6:H14) -> 17902340 | I15: =IFERROR(H15/G15,0) -> 14614.155
B17: 2. SELISIH TIMBANGAN (WINS vs RELASI)
B18: Relasi | C18: Trip Berdata | D18: Netto WINS (Kg) | E18: Berat Relasi (Kg) | F18: Selisih (Kg) | G18: Avg Selisih/Trip | H18: % Selisih
B19: CV. DUTA ABADI | C19: =COUNTIFS(Database!$H$4:$H$1256,B19,Database!$O$4:$O$1256,">"&0) -> 0 | D19: =SUMIFS(Database!$N$4:$N$1256,Database!$H$4:$H$1256,B19,Database!$O$4:$O$1256,">"&0) -> 0 | E19: =SUMIFS(Database!$O$4:$O$1256,Database!$H$4:$H$1256,B19,Database!$O$4:$O$1256,">"&0) -> 0 | F19: =D19-E19 -> 0 | G19: =IFERROR(F19/C19,0) -> 0 | H19: =IFERROR(F19/D19,0) -> 0
B20: CV. HALILINTAR SAKTI ABADI | C20: =COUNTIFS(Database!$H$4:$H$1256,B20,Database!$O$4:$O$1256,">"&0) -> 0 | D20: =SUMIFS(Database!$N$4:$N$1256,Database!$H$4:$H$1256,B20,Database!$O$4:$O$1256,">"&0) -> 0 | E20: =SUMIFS(Database!$O$4:$O$1256,Database!$H$4:$H$1256,B20,Database!$O$4:$O$1256,">"&0) -> 0 | F20: =D20-E20 -> 0 | G20: =IFERROR(F20/C20,0) -> 0 | H20: =IFERROR(F20/D20,0) -> 0
B21: CV. Nusantara Daya Jaya | C21: =COUNTIFS(Database!$H$4:$H$1256,B21,Database!$O$4:$O$1256,">"&0) -> 0 | D21: =SUMIFS(Database!$N$4:$N$1256,Database!$H$4:$H$1256,B21,Database!$O$4:$O$1256,">"&0) -> 0 | E21: =SUMIFS(Database!$O$4:$O$1256,Database!$H$4:$H$1256,B21,Database!$O$4:$O$1256,">"&0) -> 0 | F21: =D21-E21 -> 0 | G21: =IFERROR(F21/C21,0) -> 0 | H21: =IFERROR(F21/D21,0) -> 0
B22: CV. SURYA CAHAYA MAS | C22: =COUNTIFS(Database!$H$4:$H$1256,B22,Database!$O$4:$O$1256,">"&0) -> 0 | D22: =SUMIFS(Database!$N$4:$N$1256,Database!$H$4:$H$1256,B22,Database!$O$4:$O$1256,">"&0) -> 0 | E22: =SUMIFS(Database!$O$4:$O$1256,Database!$H$4:$H$1256,B22,Database!$O$4:$O$1256,">"&0) -> 0 | F22: =D22-E22 -> 0 | G22: =IFERROR(F22/C22,0) -> 0 | H22: =IFERROR(F22/D22,0) -> 0
B23: PT. BUKIT JEJER LESTARI | C23: =COUNTIFS(Database!$H$4:$H$1256,B23,Database!$O$4:$O$1256,">"&0) -> 0 | D23: =SUMIFS(Database!$N$4:$N$1256,Database!$H$4:$H$1256,B23,Database!$O$4:$O$1256,">"&0) -> 0 | E23: =SUMIFS(Database!$O$4:$O$1256,Database!$H$4:$H$1256,B23,Database!$O$4:$O$1256,">"&0) -> 0 | F23: =D23-E23 -> 0 | G23: =IFERROR(F23/C23,0) -> 0 | H23: =IFERROR(F23/D23,0) -> 0
B24: PT. JAS MULIA | C24: =COUNTIFS(Database!$H$4:$H$1256,B24,Database!$O$4:$O$1256,">"&0) -> 350 | D24: =SUMIFS(Database!$N$4:$N$1256,Database!$H$4:$H$1256,B24,Database!$O$4:$O$1256,">"&0) -> 6007350 | E24: =SUMIFS(Database!$O$4:$O$1256,Database!$H$4:$H$1256,B24,Database!$O$4:$O$1256,">"&0) -> 5992150 | F24: =D24-E24 -> 15200 | G24: =IFERROR(F24/C24,0) -> 43.428571 | H24: =IFERROR(F24/D24,0) -> 0.0025302338
B25: PT. KASMAR MATANO PERSADA | C25: =COUNTIFS(Database!$H$4:$H$1256,B25,Database!$O$4:$O$1256,">"&0) -> 174 | D25: =SUMIFS(Database!$N$4:$N$1256,Database!$H$4:$H$1256,B25,Database!$O$4:$O$1256,">"&0) -> 3939560 | E25: =SUMIFS(Database!$O$4:$O$1256,Database!$H$4:$H$1256,B25,Database!$O$4:$O$1256,">"&0) -> 3945890 | F25: =D25-E25 -> -6330 | G25: =IFERROR(F25/C25,0) -> -36.37931 | H25: =IFERROR(F25/D25,0) -> -0.0016067784
B26: PT. MADINRA INTI SAWIT | C26: =COUNTIFS(Database!$H$4:$H$1256,B26,Database!$O$4:$O$1256,">"&0) -> 282 | D26: =SUMIFS(Database!$N$4:$N$1256,Database!$H$4:$H$1256,B26,Database!$O$4:$O$1256,">"&0) -> 2697400 | E26: =SUMIFS(Database!$O$4:$O$1256,Database!$H$4:$H$1256,B26,Database!$O$4:$O$1256,">"&0) -> 2693510 | F26: =D26-E26 -> 3890 | G26: =IFERROR(F26/C26,0) -> 13.794326 | H26: =IFERROR(F26/D26,0) -> 0.0014421295
B27: PT. PERKEBUNAN NUSANTARA | C27: =COUNTIFS(Database!$H$4:$H$1256,B27,Database!$O$4:$O$1256,">"&0) -> 97 | D27: =SUMIFS(Database!$N$4:$N$1256,Database!$H$4:$H$1256,B27,Database!$O$4:$O$1256,">"&0) -> 1798810 | E27: =SUMIFS(Database!$O$4:$O$1256,Database!$H$4:$H$1256,B27,Database!$O$4:$O$1256,">"&0) -> 1800000 | F27: =D27-E27 -> -1190 | G27: =IFERROR(F27/C27,0) -> -12.268041 | H27: =IFERROR(F27/D27,0) -> -0.00066154847
B28: PT. TRI DAYA JAYA | C28: =COUNTIFS(Database!$H$4:$H$1256,B28,Database!$O$4:$O$1256,">"&0) -> 0 | D28: =SUMIFS(Database!$N$4:$N$1256,Database!$H$4:$H$1256,B28,Database!$O$4:$O$1256,">"&0) -> 0 | E28: =SUMIFS(Database!$O$4:$O$1256,Database!$H$4:$H$1256,B28,Database!$O$4:$O$1256,">"&0) -> 0 | F28: =D28-E28 -> 0 | G28: =IFERROR(F28/C28,0) -> 0 | H28: =IFERROR(F28/D28,0) -> 0
B29: PT. WIJAYA INTI NUSANTARA | C29: =COUNTIFS(Database!$H$4:$H$1256,B29,Database!$O$4:$O$1256,">"&0) -> 0 | D29: =SUMIFS(Database!$N$4:$N$1256,Database!$H$4:$H$1256,B29,Database!$O$4:$O$1256,">"&0) -> 0 | E29: =SUMIFS(Database!$O$4:$O$1256,Database!$H$4:$H$1256,B29,Database!$O$4:$O$1256,">"&0) -> 0 | F29: =D29-E29 -> 0 | G29: =IFERROR(F29/C29,0) -> 0 | H29: =IFERROR(F29/D29,0) -> 0
B30: PT. WIJAYA NUSANTARA ENERGI | C30: =COUNTIFS(Database!$H$4:$H$1256,B30,Database!$O$4:$O$1256,">"&0) -> 0 | D30: =SUMIFS(Database!$N$4:$N$1256,Database!$H$4:$H$1256,B30,Database!$O$4:$O$1256,">"&0) -> 0 | E30: =SUMIFS(Database!$O$4:$O$1256,Database!$H$4:$H$1256,B30,Database!$O$4:$O$1256,">"&0) -> 0 | F30: =D30-E30 -> 0 | G30: =IFERROR(F30/C30,0) -> 0 | H30: =IFERROR(F30/D30,0) -> 0
... B33: PT. PANDU URANE PERKASA | C33: =COUNTIFS(Database!$H$4:$H$1256,B33,Database!$O$4:$O$1256,">"&0) -> 0 | D33: =SUMIFS(Database!$N$4:$N$1256,Database!$H$4:$H$1256,B33,Database!$O$4:$O$1256,">"&0) -> 0 | E33: =SUMIFS(Database!$O$4:$O$1256,Database!$H$4:$H$1256,B33,Database!$O$4:$O$1256,">"&0) -> 0 | F33: =D33-E33 -> 0 | G33: =IFERROR(F33/C33,0) -> 0 | H33: =IFERROR(F33/D33,0) -> 0
B34: TOTAL | C34: =SUM(C19:C33) -> 903 | D34: =SUM(D19:D33) -> 14443120 | E34: =SUM(E19:E33) -> 14431550 | F34: =SUM(F19:F33) -> 11570 | G34: =IFERROR(F34/C34,0) -> 12.812846 | H34: =IFERROR(F34/D34,0) -> 0.00080107345
B36: Penimbang | C36: Trip Berdata | D36: Netto WINS (Kg) | E36: Berat Relasi (Kg) | F36: Selisih (Kg) | G36: Avg Selisih/Trip | H36: % Selisih
B37: Samsira | C37: =COUNTIFS(Database!$R$4:$R$1256,"SAMSIRA",Database!$O$4:$O$1256,">"&0)+COUNTIFS(Database!$R$4:$R$1256,"SAMSIRA/CHANDRA",Database!$O$4:$O$1256,">"&0) -> 458 | D37: =SUMIFS(Database!$N$4:$N$1256,Database!$R$4:$R$1256,"SAMSIRA")+SUMIFS(Database!$N$4:$N$1256,Database!$R$4:$R$1256,"SAMSIRA/CHANDRA") -> 8969360 | E37: =SUMIFS(Database!$O$4:$O$1256,Database!$R$4:$R$1256,"SAMSIRA",Database!$O$4:$O$1256,">"&0)+SUMIFS(Database!$O$4:$O$1256,Database!$R$4:$R$1256,"SAMSIRA/CHANDRA",Database!$O$4:$O$1256,">"&0) -> 7445350 | F37: =D37-E37 -> 1524010 | G37: =IFERROR(F37/C37,0) -> 3327.5328 | H37: =IFERROR(F37/D37,0) -> 0.1699129
B38: Datu | C38: =COUNTIFS(Database!$R$4:$R$1256,"DATU",Database!$O$4:$O$1256,">"&0) -> 399 | D38: =SUMIF(Database!$R$4:$R$1256,"DATU",Database!$N$4:$N$1256) -> 8741510 | E38: =SUMIFS(Database!$O$4:$O$1256,Database!$R$4:$R$1256,"DATU",Database!$O$4:$O$1256,">"&0) -> 6486200 | F38: =D38-E38 -> 2255310 | G38: =IFERROR(F38/C38,0) -> 5652.406 | H38: =IFERROR(F38/D38,0) -> 0.25800005
B39: TOTAL | C39: =SUM(C37:C38) -> 857 | D39: =SUM(D37:D38) -> 17710870 | E39: =SUM(E37:E38) -> 13931550 | F39: =SUM(F37:F38) -> 3779320 | G39: =IFERROR(F39/C39,0) -> 4409.9417 | H39: =IFERROR(F39/D39,0) -> 0.21338986
B41: 3. PRODUKTIVITAS DRIVER (64 driver unik setelah standardisasi)
B42: Driver | C42: Total Trip | D42: Total Netto (Kg) | E42: Avg Netto/Trip (Kg) | F42: % dari Total Trip | G42: Relasi Terbanyak
B43: ABD. HAMID | C43: =COUNTIF(Database!$S$4:$S$1256,B43) -> 14 | D43: =SUMIF(Database!$S$4:$S$1256,B43,Database!$N$4:$N$1256) -> 130320 | E43: =IFERROR(D43/C43,0) -> 9308.5714 | F43: =IFERROR(C43/COUNTIF(Database!$S$4:$S$1256,"<>"),0) -> 0.016036655 | G43: =IFERROR(INDEX(Database!$H$4:$H$1256,MATCH(_xlfn.MAXIFS(Database!$B$4:$B$1256,Database!$S$4:$S$1256,B43),Database!$B$4:$B$1256,0)),"") -> PT. KASMAR MATANO PERSADA
B44: ADITYA PUTRA | C44: =COUNTIF(Database!$S$4:$S$1256,B44) -> 2 | D44: =SUMIF(Database!$S$4:$S$1256,B44,Database!$N$4:$N$1256) -> 18030 | E44: =IFERROR(D44/C44,0) -> 9015 | F44: =IFERROR(C44/COUNTIF(Database!$S$4:$S$1256,"<>"),0) -> 0.0022909507 | G44: =IFERROR(INDEX(Database!$H$4:$H$1256,MATCH(_xlfn.MAXIFS(Database!$B$4:$B$1256,Database!$S$4:$S$1256,B44),Database!$B$4:$B$1256,0)),"") -> PT. KASMAR MATANO PERSADA
B45: AIDIL ASWAR | C45: =COUNTIF(Database!$S$4:$S$1256,B45) -> 3 | D45: =SUMIF(Database!$S$4:$S$1256,B45,Database!$N$4:$N$1256) -> 29830 | E45: =IFERROR(D45/C45,0) -> 9943.3333 | F45: =IFERROR(C45/COUNTIF(Database!$S$4:$S$1256,"<>"),0) -> 0.0034364261 | G45: =IFERROR(INDEX(Database!$H$4:$H$1256,MATCH(_xlfn.MAXIFS(Database!$B$4:$B$1256,Database!$S$4:$S$1256,B45),Database!$B$4:$B$1256,0)),"") -> PT. KASMAR MATANO PERSADA
B46: AKMAL TAMRIN | C46: =COUNTIF(Database!$S$4:$S$1256,B46) -> 10 | D46: =SUMIF(Database!$S$4:$S$1256,B46,Database!$N$4:$N$1256) -> 96200 | E46: =IFERROR(D46/C46,0) -> 9620 | F46: =IFERROR(C46/COUNTIF(Database!$S$4:$S$1256,"<>"),0) -> 0.011454754 | G46: =IFERROR(INDEX(Database!$H$4:$H$1256,MATCH(_xlfn.MAXIFS(Database!$B$4:$B$1256,Database!$S$4:$S$1256,B46),Database!$B$4:$B$1256,0)),"") -> PT. KASMAR MATANO PERSADA
B47: ARDIN | C47: =COUNTIF(Database!$S$4:$S$1256,B47) -> 1 | D47: =SUMIF(Database!$S$4:$S$1256,B47,Database!$N$4:$N$1256) -> 9220 | E47: =IFERROR(D47/C47,0) -> 9220 | F47: =IFERROR(C47/COUNTIF(Database!$S$4:$S$1256,"<>"),0) -> 0.0011454754 | G47: =IFERROR(INDEX(Database!$H$4:$H$1256,MATCH(_xlfn.MAXIFS(Database!$B$4:$B$1256,Database!$S$4:$S$1256,B47),Database!$B$4:$B$1256,0)),"") -> PT. KASMAR MATANO PERSADA
B48: ARHAM AKBAR | C48: =COUNTIF(Database!$S$4:$S$1256,B48) -> 2 | D48: =SUMIF(Database!$S$4:$S$1256,B48,Database!$N$4:$N$1256) -> 19390 | E48: =IFERROR(D48/C48,0) -> 9695 | F48: =IFERROR(C48/COUNTIF(Database!$S$4:$S$1256,"<>"),0) -> 0.0022909507 | G48: =IFERROR(INDEX(Database!$H$4:$H$1256,MATCH(_xlfn.MAXIFS(Database!$B$4:$B$1256,Database!$S$4:$S$1256,B48),Database!$B$4:$B$1256,0)),"") -> PT. KASMAR MATANO PERSADA
B49: ARISTO | C49: =COUNTIF(Database!$S$4:$S$1256,B49) -> 3 | D49: =SUMIF(Database!$S$4:$S$1256,B49,Database!$N$4:$N$1256) -> 30650 | E49: =IFERROR(D49/C49,0) -> 10216.667 | F49: =IFERROR(C49/COUNTIF(Database!$S$4:$S$1256,"<>"),0) -> 0.0034364261 | G49: =IFERROR(INDEX(Database!$H$4:$H$1256,MATCH(_xlfn.MAXIFS(Database!$B$4:$B$1256,Database!$S$4:$S$1256,B49),Database!$B$4:$B$1256,0)),"") -> PT. KASMAR MATANO PERSADA
B50: BAHTIAR | C50: =COUNTIF(Database!$S$4:$S$1256,B50) -> 17 | D50: =SUMIF(Database!$S$4:$S$1256,B50,Database!$N$4:$N$1256) -> 171390 | E50: =IFERROR(D50/C50,0) -> 10081.765 | F50: =IFERROR(C50/COUNTIF(Database!$S$4:$S$1256,"<>"),0) -> 0.019473081 | G50: =IFERROR(INDEX(Database!$H$4:$H$1256,MATCH(_xlfn.MAXIFS(Database!$B$4:$B$1256,Database!$S$4:$S$1256,B50),Database!$B$4:$B$1256,0)),"") -> PT. KASMAR MATANO PERSADA
B51: BASO | C51: =COUNTIF(Database!$S$4:$S$1256,B51) -> 10 | D51: =SUMIF(Database!$S$4:$S$1256,B51,Database!$N$4:$N$1256) -> 101120 | E51: =IFERROR(D51/C51,0) -> 10112 | F51: =IFERROR(C51/COUNTIF(Database!$S$4:$S$1256,"<>"),0) -> 0.011454754 | G51: =IFERROR(INDEX(Database!$H$4:$H$1256,MATCH(_xlfn.MAXIFS(Database!$B$4:$B$1256,Database!$S$4:$S$1256,B51),Database!$B$4:$B$1256,0)),"") -> PT. KASMAR MATANO PERSADA
B52: BOBY ANDRIAWAN | C52: =COUNTIF(Database!$S$4:$S$1256,B52) -> 5 | D52: =SUMIF(Database!$S$4:$S$1256,B52,Database!$N$4:$N$1256) -> 49280 | E52: =IFERROR(D52/C52,0) -> 9856 | F52: =IFERROR(C52/COUNTIF(Database!$S$4:$S$1256,"<>"),0) -> 0.0057273769 | G52: =IFERROR(INDEX(Database!$H$4:$H$1256,MATCH(_xlfn.MAXIFS(Database!$B$4:$B$1256,Database!$S$4:$S$1256,B52),Database!$B$4:$B$1256,0)),"") -> PT. KASMAR MATANO PERSADA
B53: BUDI SUKARDIL | C53: =COUNTIF(Database!$S$4:$S$1256,B53) -> 4 | D53: =SUMIF(Database!$S$4:$S$1256,B53,Database!$N$4:$N$1256) -> 39970 | E53: =IFERROR(D53/C53,0) -> 9992.5 | F53: =IFERROR(C53/COUNTIF(Database!$S$4:$S$1256,"<>"),0) -> 0.0045819015 | G53: =IFERROR(INDEX(Database!$H$4:$H$1256,MATCH(_xlfn.MAXIFS(Database!$B$4:$B$1256,Database!$S$4:$S$1256,B53),Database!$B$4:$B$1256,0)),"") -> PT. KASMAR MATANO PERSADA
B54: EDI MUHKTAR | C54: =COUNTIF(Database!$S$4:$S$1256,B54) -> 5 | D54: =SUMIF(Database!$S$4:$S$1256,B54,Database!$N$4:$N$1256) -> 45930 | E54: =IFERROR(D54/C54,0) -> 9186 | F54: =IFERROR(C54/COUNTIF(Database!$S$4:$S$1256,"<>"),0) -> 0.0057273769 | G54: =IFERROR(INDEX(Database!$H$4:$H$1256,MATCH(_xlfn.MAXIFS(Database!$B$4:$B$1256,Database!$S$4:$S$1256,B54),Database!$B$4:$B$1256,0)),"") -> PT. KASMAR MATANO PERSADA
... B106: YUDI PITRIONO | C106: =COUNTIF(Database!$S$4:$S$1256,B106) -> 1 | D106: =SUMIF(Database!$S$4:$S$1256,B106,Database!$N$4:$N$1256) -> 9040 | E106: =IFERROR(D106/C106,0) -> 9040 | F106: =IFERROR(C106/COUNTIF(Database!$S$4:$S$1256,"<>"),0) -> 0.0011454754 | G106: =IFERROR(INDEX(Database!$H$4:$H$1256,MATCH(_xlfn.MAXIFS(Database!$B$4:$B$1256,Database!$S$4:$S$1256,B106),Database!$B$4:$B$1256,0)),"") -> PT. KASMAR MATANO PERSADA
B107: TOTAL / RATA-RATA | C107: =SUM(C43:C106) -> 863 | D107: =SUM(D43:D106) -> 14343340 | E107: =IFERROR(D107/C107,0) -> 16620.324 | F107: =SUM(F43:F106) -> 0.98854525
B109: 4. EFISIENSI JENIS TRUK
B110: Jenis Truk | C110: Total Trip | D110: % Trip | E110: Total Netto (Kg) | F110: Avg Netto/Trip (Kg) | G110: Avg Jarak (Km) | H110: Netto/Km (Kg/Km) | I110: % Trip RBDPL
B111: 6 Roda | C111: =COUNTIF(Database!$J$4:$J$1256,B111) -> 659 | D111: =IFERROR(C111/COUNTA(Database!$C$4:$C$1256),0) -> 0.52804487 | E111: =SUMIF(Database!$J$4:$J$1256,B111,Database!$N$4:$N$1256) -> 6283400 | F111: =IFERROR(E111/C111,0) -> 9534.7496 | G111: =IFERROR(AVERAGEIFS(Database!$T$4:$T$1256,Database!$J$4:$J$1256,B111,Database!$T$4:$T$1256,">"&0),0) -> 422.54947 | H111: =IFERROR(E111/SUMIFS(Database!$T$4:$T$1256,Database!$J$4:$J$1256,B111,Database!$T$4:$T$1256,">"&0),0) -> 22.633503 | I111: =IFERROR(COUNTIFS(Database!$J$4:$J$1256,B111,Database!$I$4:$I$1256,"RBDPL")/C111,0) -> 0.45371775
B112: 10 Roda | C112: =COUNTIF(Database!$J$4:$J$1256,B112) -> 340 | D112: =IFERROR(C112/COUNTA(Database!$C$4:$C$1256),0) -> 0.2724359 | E112: =SUMIF(Database!$J$4:$J$1256,B112,Database!$N$4:$N$1256) -> 4959630 | F112: =IFERROR(E112/C112,0) -> 14587.147 | G112: =IFERROR(AVERAGEIFS(Database!$T$4:$T$1256,Database!$J$4:$J$1256,B112,Database!$T$4:$T$1256,">"&0),0) -> 94.431138 | H112: =IFERROR(E112/SUMIFS(Database!$T$4:$T$1256,Database!$J$4:$J$1256,B112,Database!$T$4:$T$1256,">"&0),0) -> 157.24889 | I112: =IFERROR(COUNTIFS(Database!$J$4:$J$1256,B112,Database!$I$4:$I$1256,"RBDPL")/C112,0) -> 0.064705882
B113: 12 Roda | C113: =COUNTIF(Database!$J$4:$J$1256,B113) -> 249 | D113: =IFERROR(C113/COUNTA(Database!$C$4:$C$1256),0) -> 0.19951923 | E113: =SUMIF(Database!$J$4:$J$1256,B113,Database!$N$4:$N$1256) -> 6969570 | F113: =IFERROR(E113/C113,0) -> 27990.241 | G113: =IFERROR(AVERAGEIFS(Database!$T$4:$T$1256,Database!$J$4:$J$1256,B113,Database!$T$4:$T$1256,">"&0),0) -> 96.646586 | H113: =IFERROR(E113/SUMIFS(Database!$T$4:$T$1256,Database!$J$4:$J$1256,B113,Database!$T$4:$T$1256,">"&0),0) -> 289.61438 | I113: =IFERROR(COUNTIFS(Database!$J$4:$J$1256,B113,Database!$I$4:$I$1256,"RBDPL")/C113,0) -> 0.076305221
B114: TOTAL | C114: =SUM(C111:C113) -> 1248 | D114: =SUM(D111:D113) -> 1 | E114: =SUM(E111:E113) -> 18212600 | F114: =IFERROR(E114/C114,0) -> 14593.429
B116: 5. DISTRIBUSI SHIFT & JAM OPERASIONAL
B117: Shift | C117: Jam | D117: Total Trip | E117: % Trip | F117: Total Netto (Kg) | G117: Avg Netto/Trip | H117: Trip CPO | I117: Trip RBDPL
B118: Pagi | C118: 06:00–12:00 | D118: =COUNTIFS(Database!$P$4:$P$1256,">="&TIME(6,0,0),Database!$P$4:$P$1256,"<"&TIME(12,0,0)) -> 317 | E118: =IFERROR(D118/$D$122,0) -> 0.26394671 | F118: {=SUMPRODUCT((Database!$P$4:$P$1256>=TIME(6,0,0))*(Database!$P$4:$P$1256<TIME(12,0,0))*Database!$N$4:$N$1256)} -> 4203280 | G118: =IFERROR(F118/D118,0) -> 13259.558 | H118: {=SUMPRODUCT((Database!$P$4:$P$1256>=TIME(6,0,0))*(Database!$P$4:$P$1256<TIME(12,0,0))*(Database!$I$4:$I$1256="CPO"))} -> 226 | I118: {=SUMPRODUCT((Database!$P$4:$P$1256>=TIME(6,0,0))*(Database!$P$4:$P$1256<TIME(12,0,0))*(Database!$I$4:$I$1256="RBDPL"))} -> 88
B119: Siang | C119: 12:00–18:00 | D119: =COUNTIFS(Database!$P$4:$P$1256,">="&TIME(12,0,0),Database!$P$4:$P$1256,"<"&TIME(18,0,0)) -> 482 | E119: =IFERROR(D119/$D$122,0) -> 0.40133222 | F119: {=SUMPRODUCT((Database!$P$4:$P$1256>=TIME(12,0,0))*(Database!$P$4:$P$1256<TIME(18,0,0))*Database!$N$4:$N$1256)} -> 7723880 | G119: =IFERROR(F119/D119,0) -> 16024.647 | H119: {=SUMPRODUCT((Database!$P$4:$P$1256>=TIME(12,0,0))*(Database!$P$4:$P$1256<TIME(18,0,0))*(Database!$I$4:$I$1256="CPO"))} -> 316 | I119: {=SUMPRODUCT((Database!$P$4:$P$1256>=TIME(12,0,0))*(Database!$P$4:$P$1256<TIME(18,0,0))*(Database!$I$4:$I$1256="RBDPL"))} -> 164
B120: Sore/Malam | C120: 18:00–24:00 | D120: =COUNTIFS(Database!$P$4:$P$1256,">="&TIME(18,0,0),Database!$P$4:$P$1256,"<="&0.9999) -> 365 | E120: =IFERROR(D120/$D$122,0) -> 0.30391341 | F120: {=SUMPRODUCT((Database!$P$4:$P$1256>=TIME(18,0,0))*(Database!$P$4:$P$1256<=0.9999)*Database!$N$4:$N$1256)} -> 5326800 | G120: =IFERROR(F120/D120,0) -> 14593.973 | H120: {=SUMPRODUCT((Database!$P$4:$P$1256>=TIME(18,0,0))*(Database!$P$4:$P$1256<=0.9999)*(Database!$I$4:$I$1256="CPO"))} -> 277 | I120: {=SUMPRODUCT((Database!$P$4:$P$1256>=TIME(18,0,0))*(Database!$P$4:$P$1256<=0.9999)*(Database!$I$4:$I$1256="RBDPL"))} -> 88
B121: Dini Hari | C121: 00:00–06:00 | D121: =COUNTIFS(Database!$P$4:$P$1256,">"&0,Database!$P$4:$P$1256,"<"&TIME(6,0,0)) -> 37 | E121: =IFERROR(D121/$D$122,0) -> 0.03080766 | F121: {=SUMPRODUCT((Database!$P$4:$P$1256>0)*(Database!$P$4:$P$1256<TIME(6,0,0))*Database!$N$4:$N$1256)} -> 446870 | G121: =IFERROR(F121/D121,0) -> 12077.568 | H121: {=SUMPRODUCT((Database!$P$4:$P$1256>0)*(Database!$P$4:$P$1256<TIME(6,0,0))*(Database!$I$4:$I$1256="CPO"))} -> 37 | I121: {=SUMPRODUCT((Database!$P$4:$P$1256>0)*(Database!$P$4:$P$1256<TIME(6,0,0))*(Database!$I$4:$I$1256="RBDPL"))} -> 0
B122: TOTAL | D122: =SUM(D118:D121) -> 1201 | E122: =SUM(E118:E121) -> 1 | F122: =SUM(F118:F121) -> 17700830 | G122: =IFERROR(F122/D122,0) -> 14738.41 | H122: =SUM(H118:H121) -> 856 | I122: =SUM(I118:I121) -> 340
B124: 6. ANALISA NO. POLISI (baris merah = Min Gap < 2 jam — perlu verifikasi)
B125: No. Polisi | C125: Total Trip | D125: Produk Utama | E125: Trip CPO | F125: Trip RBDPL | G125: Total Netto (Kg) | H125: Avg Netto/Trip | I125: Avg Gap (Jam) | J125: Min Gap (Jam) | K125: Driver(s) | L125: Trip Pertama | M125: Trip Terakhir
B126: BM 8315 QO | C126: 124 | D126: CPO | E126: 119 | F126: 5 | G126: 3501710 | H126: 28240 | I126: 19.7 | J126: 0.3 | K126: IQBAL / IBRAHIM | L126: 45971 | M126: 46142
B127: DD 8711 XX | C127: 122 | D127: CPO | E127: 113 | F127: 9 | G127: 1739270 | H127: 14256 | I127: 22.7 | J127: 1.2 | K127: RONI RAKAN / HAMSAL | L127: 45971 | M127: 46141
B128: B 1918 SXX | C128: 113 | D128: CPO | E128: 104 | F128: 9 | G128: 1640910 | H128: 14521 | I128: 21.6 | J128: 0.2 | K128: WALDI | L128: 45971 | M128: 46140
B129: DD 9236 XX | C129: 103 | D129: CPO | E129: 95 | F129: 8 | G129: 2906080 | H129: 28214 | I129: 20.3 | J129: 1.9 | K129: IBRAHIM | L129: 45971 | M129: 46139
B130: BH 8459 MY | C130: 82 | D130: CPO | E130: 79 | F130: 3 | G130: 1186030 | H130: 14464 | I130: 18 | J130: 0.7 | K130: ERWIN / HAMSAL | L130: 45972 | M130: 46120
B131: DP 8953 DK | C131: 29 | D131: RBDPL | E131: 0 | F131: 29 | G131: 263930 | H131: 9101 | I131: 50.9 | J131: 3.2 | K131: MUH. ARIF | L131: 46063 | M131: 46142
B132: DP 8004 GJ | C132: 26 | D132: CPO | E132: 14 | F132: 12 | G132: 245020 | H132: 9424 | I132: 60.2 | J132: 32.7 | K132: MURKAS | L132: 45962 | M132: 46136
B133: DP 8762 GH | C133: 24 | D133: CPO | E133: 15 | F133: 9 | G133: 224600 | H133: 9358 | I133: 68.3 | J133: 44.7 | K133: IRFAN | L133: 45962 | M133: 46141
B134: DP 8662 GH | C134: 22 | D134: CPO | E134: 20 | F134: 2 | G134: 221020 | H134: 10046 | I134: 51.9 | J134: 5 | K134: MUHAMMAD YUSUF SYAM / MUHAMMAD YUSUF | L134: 45962 | M134: 46142
B135: DP 9826 GA | C135: 21 | D135: CPO | E135: 18 | F135: 3 | G135: 196960 | H135: 9379 | I135: 47.8 | J135: 0 | K135: AIDIL ASWAR | L135: 45962 | M135: 46142
B136: DP 9859 GA | C136: 21 | D136: CPO | E136: 17 | F136: 4 | G136: 210030 | H136: 10001 | I136: 57.9 | J136: 24 | K136: BOBY ANDRIAWAN / WIDIANTO | L136: 45963 | M136: 46136
B137: DP 8798 GH | C137: 20 | D137: CPO | E137: 13 | F137: 7 | G137: 189380 | H137: 9469 | I137: 68.4 | J137: 42.1 | K137: MUHAMMAD RAYHAN | L137: 45962 | M137: 46142
... B139: DD 8574 YE | C139: 18 | D139: CPO | E139: 14 | F139: 4 | G139: 163190 | H139: 9066 | I139: 71.1 | J139: 56.9 | K139: LUKAS ALFIAN .L | L139: 45963 | M139: 46142
B140: DP 8951 GB | C140: 17 | D140: CPO | E140: 17 | F140: 0 | G140: 163170 | H140: 9598 | I140: 58.8 | J140: 14 | L140: 45962 | M140: 46141
B141: DP 8928 GM | C141: 17 | D141: CPO | E141: 16 | F141: 1 | G141: 170600 | H141: 10035 | I141: 66.8 | J141: 17.4 | K141: RISWAN | L141: 45962 | M141: 46140
B142: DP 9846 GA | C142: 17 | D142: CPO | E142: 16 | F142: 1 | G142: 162580 | H142: 9564 | I142: 64.9 | J142: 23.3 | K142: SAPARWADI | L142: 45962 | M142: 46140
B143: DP 8732 GK | C143: 17 | D143: RBDPL | E143: 0 | F143: 17 | G143: 171390 | H143: 10082 | I143: 56.2 | J143: 10.4 | K143: BAHTIAR | L143: 46087 | M143: 46142
B144: DP 8821 GL | C144: 16 | D144: CPO | E144: 13 | F144: 3 | G144: 152810 | H144: 9551 | I144: 63.4 | J144: 32.8 | K144: IRWAN | L144: 45962 | M144: 46136
B145: DC 8459 XL | C145: 16 | D145: RBDPL | E145: 0 | F145: 16 | G145: 144740 | H145: 9046 | I145: 42.7 | J145: 17.5 | K145: HAERUDDIN | L145: 46066 | M145: 46141
B146: DC 8141 AS | C146: 16 | D146: RBDPL | E146: 0 | F146: 16 | G146: 151510 | H146: 9469 | I146: 54 | J146: 7.7 | K146: TAMRIN | L146: 46087 | M146: 46141
B147: DP 8172 GN | C147: 15 | D147: RBDPL | E147: 0 | F147: 15 | G147: 143180 | H147: 9545 | I147: 63.8 | J147: 44.9 | K147: HALIK | L147: 46087 | M147: 46141
B148: DP 8036 GK | C148: 14 | D148: CPO | E148: 14 | F148: 0 | G148: 131930 | H148: 9424 | I148: 65.1 | J148: 32.8 | L148: 45962 | M148: 46066
B149: DP 8739 GO | C149: 14 | D149: RBDPL | E149: 0 | F149: 14 | G149: 130320 | H149: 9309 | I149: 60.2 | J149: 45 | K149: ABD. HAMID | L149: 46095 | M149: 46141
B150: DN 8492 CU | C150: 13 | D150: CPO | E150: 11 | F150: 2 | G150: 125310 | H150: 9639 | I150: 58.4 | J150: 16.1 | K150: ARHAM AKBAR | L150: 45962 | M150: 46140
B151: DP 8446 GC | C151: 13 | D151: CPO | E151: 13 | F151: 0 | G151: 123680 | H151: 9514 | I151: 61.6 | J151: 24 | L151: 45963 | M151: 46121
B152: DP 8994 GH | C152: 12 | D152: CPO | E152: 12 | F152: 0 | G152: 115580 | H152: 9632 | I152: 67.2 | J152: 41.6 | L152: 45962 | M152: 46067
B153: DP 9856 GA | C153: 12 | D153: RBDPL | E153: 0 | F153: 12 | G153: 111800 | H153: 9317 | I153: 61 | J153: 48.6 | K153: HARI ASHARI | L153: 46087 | M153: 46141
B154: S 9249 UU | C154: 11 | D154: RBDPL | E154: 0 | F154: 11 | G154: 100690 | H154: 9154 | I154: 19.1 | J154: 6.2 | K154: HENDRIK | L154: 46093 | M154: 46140
B155: DP 8350 FD | C155: 11 | D155: RBDPL | E155: 0 | F155: 11 | G155: 105380 | H155: 9580 | I155: 65.4 | J155: 47.5 | K155: USMAN | L155: 46106 | M155: 46141
B156: DP 8862 GG | C156: 10 | D156: CPO | E156: 9 | F156: 1 | G156: 98560 | H156: 9856 | I156: 78.4 | J156: 60.5 | K156: HERIL | L156: 45963 | M156: 46142
B157: DP 8568 GF | C157: 10 | D157: RBDPL | E157: 0 | F157: 10 | G157: 96200 | H157: 9620 | I157: 65.7 | J157: 25.6 | K157: AKMAL TAMRIN | L157: 46087 | M157: 46126
B158: DP 8076 TE | C158: 9 | D158: CPO | E158: 9 | F158: 0 | G158: 88980 | H158: 9887 | I158: 53.3 | J158: 24 | L158: 46001 | M158: 46121
B159: DN 8648 GA | C159: 9 | D159: RBDPL | E159: 0 | F159: 9 | G159: 82990 | H159: 9221 | I159: 55.2 | J159: 29.5 | K159: MUH. EMIN BUSTAMIN / HERIANTO / IGNATIUS ALI P | L159: 46067 | M159: 46137
B160: DN 8813 EB | C160: 8 | D160: CPO | E160: 8 | F160: 0 | G160: 77480 | H160: 9685 | I160: 48.9 | J160: 24 | L160: 45962 | M160: 46121
B161: DP 8674 GC | C161: 7 | D161: CPO | E161: 7 | F161: 0 | G161: 68970 | H161: 9853 | I161: 67.6 | J161: 48.6 | L161: 45992 | M161: 46066
B162: DD 8983 UC | C162: 7 | D162: CPO | E162: 4 | F162: 3 | G162: 71060 | H162: 10151 | I162: 86.9 | J162: 86.3 | K162: ARISTO | L162: 46004 | M162: 46133
B163: DD 8574 HG | C163: 7 | D163: CPO | E163: 7 | F163: 0 | G163: 61590 | H163: 8799 | I163: 67.9 | J163: 66.7 | L163: 46054 | M163: 46120
...

Sheet Summary Kontrak
H4: 0.11
B5: No Kontrak | C5: DO | D5: Relasi | E5: Produk | F5: Quantity (Kg) | G5: Harga Satuan | H5: PPn | I5: Nett | J5: Nilai Kontrak | K5: Lokasi Penyerahan | L5: Tanggal Penyerahan | M5: Jatuh Tempo | N5: Status Pengiriman | O5: DP | P5: Jatuh Tempo Pengiriman | Q5: INFO | R5: Aktual Terkirim/Terima (Kg) Timbangan PT WINS | S5: Sisa Kuota (Kg) | T5: % Realisasi | U5: Nilai Terkirim/Terima (Rp) | V5: Tagihan DP (Rp) | W5: Status Jatuh Tempo DP | X5: Arah | Y5: Status Pengiriman2 | AA5: RINGKASAN KONTRAK
B6: 227/KPBN/TRD/CPO-L/WINS/XI/2025 | D6: PT. Perkebunan Nusantara | E6: CPO | F6: 100000 | G6: 13500 | H6: =G6*$H$4 -> 1485 | I6: =G6+H6 -> 14985 | J6: =I6*F6 -> 1498500000 | K6: Palopo | L6: 45973 | M6: 45968 | N6: Loco Tanki Timbun | R6: =IFERROR(SUMIFS(Database!$N:$N,Database!$F:$F,B6),0) -> 98770 | S6: =F6-R6 -> 1230 | T6: =IFERROR(R6/F6,0) -> 0.9877 | U6: =R6*I6 -> 1480068450 | V6: =IF(O6="",U6,U6*O6) -> 1480068450 | W6: =IF(M6="","",IF(TODAY()>M6,"Lewat Jatuh Tempo",IF(TODAY()=M6,"Jatuh Tempo Hari Ini","Belum Jatuh Tempo"))) -> Lewat Jatuh Tempo | X6: =IF(E6="","",IF(OR(E6="CPO",E6="PFAD"),"IN","OUT")) -> IN | Y6: =IF(E6="","",IF(T6=0,"Belum Kirim",IF(T6<0.95,"Proses",IF(T6<=1,"Selesai","Over")))) -> Selesai
B7: 249/KPBN/TRD/CPO-L/WINS/XI/2025 | D7: PT. Perkebunan Nusantara | E7: CPO | F7: 500000 | G7: 13540 | H7: =G7*$H$4 -> 1489.4 | I7: =G7+H7 -> 15029.4 | J7: =I7*F7 -> 7514700000 | K7: Palopo | L7: 45983 | M7: 45995 | N7: Loco PKS | R7: =IFERROR(SUMIFS(Database!$N:$N,Database!$F:$F,B7),0) -> 699340 | S7: =F7-R7 -> -199340 | T7: =IFERROR(R7/F7,0) -> 1.39868 | U7: =R7*I7 -> 10510660596 | V7: =IF(O7="",U7,U7*O7) -> 10510660596 | W7: =IF(M7="","",IF(TODAY()>M7,"Lewat Jatuh Tempo",IF(TODAY()=M7,"Jatuh Tempo Hari Ini","Belum Jatuh Tempo"))) -> Lewat Jatuh Tempo | X7: =IF(E7="","",IF(OR(E7="CPO",E7="PFAD"),"IN","OUT")) -> IN | Y7: =IF(E7="","",IF(T7=0,"Belum Kirim",IF(T7<0.95,"Proses",IF(T7<=1,"Selesai","Over")))) -> Over | AA7: Per Produk | AB7: Jml Kontrak | AC7: Qty Kontrak (Kg) | AD7: Aktual (Kg) | AE7: Sisa (Kg) | AF7: Realisasi
B8: 215/PJB/MIS-WINS/X/2025 | D8: PT. Madinra Inti Sawit | E8: CPO | F8: 500000 | G8: 14500 | H8: =G8*$H$4 -> 1595 | I8: =G8+H8 -> 16095 | J8: =I8*F8 -> 8047500000 | K8: Palopo | L8: 45960 | M8: 45957 | N8: Loco PKS | O8: 0.9 | P8: 45940 | R8: =IFERROR(SUMIFS(Database!$N:$N,Database!$F:$F,B8),0) -> 499760 | S8: =F8-R8 -> 240 | T8: =IFERROR(R8/F8,0) -> 0.99952 | U8: =R8*I8 -> 8043637200 | V8: =IF(O8="",U8,U8*O8) -> 7239273480 | W8: =IF(M8="","",IF(TODAY()>M8,"Lewat Jatuh Tempo",IF(TODAY()=M8,"Jatuh Tempo Hari Ini","Belum Jatuh Tempo"))) -> Lewat Jatuh Tempo | X8: =IF(E8="","",IF(OR(E8="CPO",E8="PFAD"),"IN","OUT")) -> IN | Y8: =IF(E8="","",IF(T8=0,"Belum Kirim",IF(T8<0.95,"Proses",IF(T8<=1,"Selesai","Over")))) -> Selesai | AA8: CPO (Masuk Pabrik) | AB8: =COUNTIF(E6:E87,"CPO") -> 30 | AC8: =SUMIF(E6:E87,"CPO",F6:F87) -> 15262000 | AD8: =SUMIF(E6:E87,"CPO",R6:R87) -> 14432720 | AE8: =AC8-AD8 -> 829280 | AF8: =IFERROR(AD8/AC8,0) -> 0.94566374
B9: 245/PJB/MIS-WINS/XI/2025 | D9: PT. Madinra Inti Sawit | E9: CPO | F9: 600000 | G9: 14075 | H9: =G9*$H$4 -> 1548.25 | I9: =G9+H9 -> 15623.25 | J9: =I9*F9 -> 9373950000 | K9: Palopo | L9: 45986 | M9: 45985 | N9: Loco PKS | O9: 0.9 | P9: 45997 | R9: =IFERROR(SUMIFS(Database!$N:$N,Database!$F:$F,B9),0) -> 601250 | S9: =F9-R9 -> -1250 | T9: =IFERROR(R9/F9,0) -> 1.0020833 | U9: =R9*I9 -> 9.3934791e+09 | V9: =IF(O9="",U9,U9*O9) -> 8.4541312e+09 | W9: =IF(M9="","",IF(TODAY()>M9,"Lewat Jatuh Tempo",IF(TODAY()=M9,"Jatuh Tempo Hari Ini","Belum Jatuh Tempo"))) -> Lewat Jatuh Tempo | X9: =IF(E9="","",IF(OR(E9="CPO",E9="PFAD"),"IN","OUT")) -> IN | Y9: =IF(E9="","",IF(T9=0,"Belum Kirim",IF(T9<0.95,"Proses",IF(T9<=1,"Selesai","Over")))) -> Over | AA9: RBDPL (Keluar Pabrik) | AB9: =COUNTIF(E6:E87,"RBDPL") -> 30 | AC9: =SUMIF(E6:E87,"RBDPL",F6:F87) -> 4376570 | AD9: =SUMIF(E6:E87,"RBDPL",R6:R87) -> 3459220 | AE9: =AC9-AD9 -> 917350 | AF9: =IFERROR(AD9/AC9,0) -> 0.79039522
B10: 265/PJB/MIS-WINS/XII/2025 | D10: PT. Madinra Inti Sawit | E10: CPO | F10: 600000 | G10: 14300 | H10: =G10*$H$4 -> 1573 | I10: =G10+H10 -> 15873 | J10: =I10*F10 -> 9523800000 | K10: Palopo | L10: 46000 | M10: 46000 | N10: Loco PKS | O10: 0.9 | P10: 46011 | R10: =IFERROR(SUMIFS(Database!$N:$N,Database!$F:$F,B10),0) -> 600270 | S10: =F10-R10 -> -270 | T10: =IFERROR(R10/F10,0) -> 1.00045 | U10: =R10*I10 -> 9528085710 | V10: =IF(O10="",U10,U10*O10) -> 8575277139 | W10: =IF(M10="","",IF(TODAY()>M10,"Lewat Jatuh Tempo",IF(TODAY()=M10,"Jatuh Tempo Hari Ini","Belum Jatuh Tempo"))) -> Lewat Jatuh Tempo | X10: =IF(E10="","",IF(OR(E10="CPO",E10="PFAD"),"IN","OUT")) -> IN | Y10: =IF(E10="","",IF(T10=0,"Belum Kirim",IF(T10<0.95,"Proses",IF(T10<=1,"Selesai","Over")))) -> Over | AA10: PFAD | AB10: =COUNTIF(E6:E87,"PFAD") -> 1 | AC10: =SUMIF(E6:E87,"PFAD",F6:F87) -> 240000 | AD10: =SUMIF(E6:E87,"PFAD",R6:R87) -> 0 | AE10: =AC10-AD10 -> 240000 | AF10: =IFERROR(AD10/AC10,0) -> 0
B11: 0193/R2/HO-PALM/CPO-L/I/2026 | D11: PT. Perkebunan Nusantara | E11: CPO | F11: 500000 | G11: 14723 | H11: =G11*$H$4 -> 1619.53 | I11: =G11+H11 -> 16342.53 | J11: =I11*F11 -> 8171265000 | K11: Palopo | M11: 46076 | N11: Loco PKS Luwu | Q11: postpone | R11: =IFERROR(SUMIFS(Database!$N:$N,Database!$F:$F,B11),0) -> 0 | S11: =F11-R11 -> 500000 | T11: =IFERROR(R11/F11,0) -> 0 | U11: =R11*I11 -> 0 | V11: =IF(O11="",U11,U11*O11) -> 0 | W11: =IF(M11="","",IF(TODAY()>M11,"Lewat Jatuh Tempo",IF(TODAY()=M11,"Jatuh Tempo Hari Ini","Belum Jatuh Tempo"))) -> Lewat Jatuh Tempo | X11: =IF(E11="","",IF(OR(E11="CPO",E11="PFAD"),"IN","OUT")) -> IN | Y11: =IF(E11="","",IF(T11=0,"Belum Kirim",IF(T11<0.95,"Proses",IF(T11<=1,"Selesai","Over")))) -> Belum Kirim | AA11: TOTAL | AB11: =SUM(AB8:AB10) -> 61 | AC11: =SUM(AC8:AC10) -> 19878570 | AD11: =SUM(AD8:AD10) -> 17891940 | AE11: =SUM(AE8:AE10) -> 1986630 | AF11: =IFERROR(AD11/AC11,0) -> 0.90006172
